job_id,title,location,url,updated_at
8172510,Abuse Investigator,"Seattle, San Francisco, New York City",https://stripe.com/jobs/search?gh_jid=8172510,2026-09-10T13:11:58-04:00
8172487,Abuse Investigator,Dublin,https://stripe.com/jobs/search?gh_jid=8172487,2026-09-12T13:25:25-04:00
8172508,Abuse Investigator,Dublin,https://stripe.com/jobs/search?gh_jid=8172508,2026-09-10T13:11:58-04:00
8138044,"Account Executive, AI Sales","San Francisco, CA",https://stripe.com/jobs/search?gh_jid=8138044,2026-09-18T13:27:51-04:00
8204645,"Account Executive, AI Startups - Grower",New York,https://stripe.com/jobs/search?gh_jid=8204645,2026-09-15T21:47:18-04:00
8130725,"Account Executive, AI Startups (Hunter)",San Francisco,https://stripe.com/jobs/search?gh_jid=8130725,2026-09-10T13:11:58-04:00
8178461,"Account Executive, Bridge ",LOCATION,https://stripe.com/jobs/search?gh_jid=8178461,2026-09-24T19:37:00-04:00
8077887,"Account Executive, Bridge ","SF, NYC, SEA, CHI",https://stripe.com/jobs/search?gh_jid=8077887,2026-09-10T13:11:58-04:00
8123027,"Account Executive, Commercial (Grower)",Chicago,https://stripe.com/jobs/search?gh_jid=8123027,2026-09-23T13:36:30-04:00
8141211,"Account Executive, Commercial Hunter",Singapore,https://stripe.com/jobs/search?gh_jid=8141211,2026-09-10T13:11:58-04:00
7789539,"Account Executive, Commercial Hunter (Japanese Fluency)",Japan,https://stripe.com/jobs/search?gh_jid=7789539,2026-09-10T13:11:58-04:00
7893199,"Account Executive, Cross Border China",Singapore,https://stripe.com/jobs/search?gh_jid=7893199,2026-09-10T13:11:58-04:00
8201690,"Account Executive, DACH, Commercial (Existing Business)",Dublin or Berlin,https://stripe.com/jobs/search?gh_jid=8201690,2026-09-14T14:06:22-04:00
7825578,"Account Executive, Enterprise (DACH Market)  ",Germany ,https://stripe.com/jobs/search?gh_jid=7825578,2026-09-10T13:11:58-04:00
7993151,"Account Executive, Enterprise (Grower) ","US-Remote-CA, US-San Francisco, US-Seattle, US-New York",https://stripe.com/jobs/search?gh_jid=7993151,2026-09-23T11:05:54-04:00
8107136,"Account Executive, Enterprise (Grower) ","US-San Francisco, US-Seattle, US-West Coast (Remote) ",https://stripe.com/jobs/search?gh_jid=8107136,2026-09-10T13:11:58-04:00
8114458,"Account Executive, Enterprise Grower (Israel)",Israel ,https://stripe.com/jobs/search?gh_jid=8114458,2026-09-10T13:11:58-04:00
8129956,"Account Executive, Enterprise Grower, Platforms (Israel)",Israel,https://stripe.com/jobs/search?gh_jid=8129956,2026-09-10T13:11:58-04:00
8178881,"Account Executive - Enterprise, Growth","Chicago, IL ",https://stripe.com/jobs/search?gh_jid=8178881,2026-09-10T13:11:58-04:00
7994330,"Account Executive, Enterprise - Hunter","US-Chicago, US-New York",https://stripe.com/jobs/search?gh_jid=7994330,2026-09-10T13:11:58-04:00
8165275,"Account Executive, Enterprise (Hunter) ",London,https://stripe.com/jobs/search?gh_jid=8165275,2026-09-10T13:11:58-04:00
8202836,"Account Executive, Enterprise Hunter (French-speaking)",Paris,https://stripe.com/jobs/search?gh_jid=8202836,2026-09-17T10:21:48-04:00
7528816,"Account Executive, Enterprise Hunter (Japanese fluency)",Tokyo,https://stripe.com/jobs/search?gh_jid=7528816,2026-09-10T13:11:58-04:00
7576967,"Account Executive, Enterprise Platforms (Grower)","San Francisco, CA; Chicago, IL & New York, NY",https://stripe.com/jobs/search?gh_jid=7576967,2026-09-10T13:11:58-04:00
7961609,"Account Executive, Enterprise Platforms, Hunter","New York, NY; San Francisco, CA; Seattle, WA; Chicago, IL",https://stripe.com/jobs/search?gh_jid=7961609,2026-09-10T13:11:58-04:00
8041894,"Account Executive, Enterprise Platforms, Tier 2 Grower","New York, NY; San Francisco, CA",https://stripe.com/jobs/search?gh_jid=8041894,2026-09-10T13:11:58-04:00
8075473,"Account Executive, Enterprise Platforms, Tier 2 Grower","San Francisco, CA",https://stripe.com/jobs/search?gh_jid=8075473,2026-09-10T13:11:58-04:00
8114155,"Account Executive, Existing Business ",London,https://stripe.com/jobs/search?gh_jid=8114155,2026-09-10T13:11:58-04:00
8119697,"Account Executive, Existing Business (Central Eastern Europe)",Poland - Remote OR Romania - Remote,https://stripe.com/jobs/search?gh_jid=8119697,2026-09-10T13:11:58-04:00
8048193,"Account Executive, Financial Services, Grower ",London,https://stripe.com/jobs/search?gh_jid=8048193,2026-09-10T13:11:58-04:00
8121419,"Account Executive, Funded Startups — Hunter, Italy",Milan,https://stripe.com/jobs/search?gh_jid=8121419,2026-09-21T04:04:19-04:00
8121421,"Account Executive, Funded Startups - Israel",Israel,https://stripe.com/jobs/search?gh_jid=8121421,2026-09-10T13:11:58-04:00
8079514,"Account Executive, hunter",London,https://stripe.com/jobs/search?gh_jid=8079514,2026-09-10T13:11:58-04:00
8130052,"Account Executive, Hunter (Central Eastern Europe)",Poland - Remote OR Romania - Remote,https://stripe.com/jobs/search?gh_jid=8130052,2026-09-10T13:11:58-04:00
8122192,Account Executive - LATAM,"Mexico City, Mexico",https://stripe.com/jobs/search?gh_jid=8122192,2026-09-10T13:11:58-04:00
8114402,"Account Executive, Nordics",Sweden,https://stripe.com/jobs/search?gh_jid=8114402,2026-09-10T13:11:58-04:00
7456957,"Account Executive, Platforms (Existing Business)","Sydney, Australia",https://stripe.com/jobs/search?gh_jid=7456957,2026-09-10T13:11:58-04:00
8222009,"Account Executive, Platforms - Hunter",Chicago,https://stripe.com/jobs/search?gh_jid=8222009,2026-09-22T10:44:59-04:00
7298935,"Account Executive, Platforms (Hunter) ","Chicago, Illinois",https://stripe.com/jobs/search?gh_jid=7298935,2026-09-10T13:11:58-04:00
8129702,"Account Executive, Platforms Hunter (German fluency)",Dublin,https://stripe.com/jobs/search?gh_jid=8129702,2026-09-10T13:11:58-04:00
8041076,"Account Executive, Privy",Singapore,https://stripe.com/jobs/search?gh_jid=8041076,2026-09-10T13:11:58-04:00
8188088,Account Executive Product - Billing (Japanese Fluency) ,"Japan, Tokyo",https://stripe.com/jobs/search?gh_jid=8188088,2026-09-21T05:25:24-04:00
8190054,"Account Executive, Product (Capital) - Hunter ","Chicago, New York ",https://stripe.com/jobs/search?gh_jid=8190054,2026-09-18T09:48:20-04:00
8181024,Account Executive Product - Fraud & Risk ,"Chicago, Seattle, NYC, San Francisco, Remote ",https://stripe.com/jobs/search?gh_jid=8181024,2026-09-14T18:46:50-04:00
8203649,Account Executive Product - Issuing & Treasury ,London OR Paris OR Germany ,https://stripe.com/jobs/search?gh_jid=8203649,2026-09-25T04:18:59-04:00
8189798,Account Executive Product - Link,"SF, NYC, CHI, SEA",https://stripe.com/jobs/search?gh_jid=8189798,2026-09-22T21:16:29-04:00
8049828,"Account Executive, Product - Link","NYC, SF",https://stripe.com/jobs/search?gh_jid=8049828,2026-09-10T13:11:58-04:00
8078082,"Account Executive, Product - Managed Payments","Seattle, SF, NYC, Chicago",https://stripe.com/jobs/search?gh_jid=8078082,2026-09-11T18:35:11-04:00
8196259,"Account Executive, Product (Payouts) - Hunter","London, Dublin",https://stripe.com/jobs/search?gh_jid=8196259,2026-09-25T05:42:23-04:00
8196269,"Account Executive, Product (Payouts) - Hunter",New York,https://stripe.com/jobs/search?gh_jid=8196269,2026-09-17T04:22:38-04:00
8190050," Account Executive, Product Sales - Billing","New York, San Francisco, Seattle, Chicago",https://stripe.com/jobs/search?gh_jid=8190050,2026-09-21T11:19:55-04:00
8211151,"Account Executive, Product Sales (Billing) - Grower",Dublin,https://stripe.com/jobs/search?gh_jid=8211151,2026-09-18T10:05:17-04:00
8196254,"Account Executive, Product Sales (Billing) - Hunter",Dublin,https://stripe.com/jobs/search?gh_jid=8196254,2026-09-16T11:36:50-04:00
7958961,"Account Executive, Product Sales - Billing (Velocity)","New York, San Francisco, Seattle, Atlanta, Chicago",https://stripe.com/jobs/search?gh_jid=7958961,2026-09-11T16:37:37-04:00
8190416,"Account Executive, Product Sales - Currency Management",New York ,https://stripe.com/jobs/search?gh_jid=8190416,2026-09-17T04:29:07-04:00
8175828,"Account Executive, Product Sales - Currency Management",Singapore,https://stripe.com/jobs/search?gh_jid=8175828,2026-09-16T01:21:24-04:00
8114738,"Account Executive, Product Sales (Data) ","US-SF-HQ, US-NYC, US-CHI, US-SEA",https://stripe.com/jobs/search?gh_jid=8114738,2026-09-19T13:46:15-04:00
8113687,"Account Executive, Product Sales (Data Pipeline) ",Singapore,https://stripe.com/jobs/search?gh_jid=8113687,2026-09-10T13:11:58-04:00
7456716,"Account Executive, Product Sales - Issuing and Treasury","SF, NYC, remote",https://stripe.com/jobs/search?gh_jid=7456716,2026-09-10T13:11:58-04:00
8029043,"Account Executive, Product Sales, Metronome (Hunter) ",US-SF-HQ,https://stripe.com/jobs/search?gh_jid=8029043,2026-09-10T13:11:58-04:00
8068744,"Account Executive, Product Sales-  Money Management ANZ",Sydney,https://stripe.com/jobs/search?gh_jid=8068744,2026-09-10T13:11:58-04:00
8068746,"Account Executive, Product Sales - Money Management  APAC",Singapore,https://stripe.com/jobs/search?gh_jid=8068746,2026-09-10T13:11:58-04:00
8040940,"Account Executive, Product Sales - Optimised Checkout ",London,https://stripe.com/jobs/search?gh_jid=8040940,2026-09-10T13:11:58-04:00
8190048,"Account Executive, Product Sales - Tax",US-Remote,https://stripe.com/jobs/search?gh_jid=8190048,2026-09-14T15:33:33-04:00
7389692,"Account Executive, Product Sales (Terminal) ",Dublin or London,https://stripe.com/jobs/search?gh_jid=7389692,2026-09-16T13:01:24-04:00
8175830,Account Executive Product - Tax,Singapore,https://stripe.com/jobs/search?gh_jid=8175830,2026-09-10T13:11:58-04:00
8196288,"Account Executive, Product - Tax",Dublin,https://stripe.com/jobs/search?gh_jid=8196288,2026-09-24T09:11:50-04:00
8144513,"Account Executive, Product - Terminal",Chicago,https://stripe.com/jobs/search?gh_jid=8144513,2026-09-15T22:07:50-04:00
8207708,"Account Executive, Retail (Grower)",London,https://stripe.com/jobs/search?gh_jid=8207708,2026-09-17T05:09:41-04:00
8108891,"Account Executive - SEA, Platforms (Grower)",Singapore,https://stripe.com/jobs/search?gh_jid=8108891,2026-09-10T13:11:58-04:00
8114157,"Account Executive, SMB (Benelux)","Dublin, Ireland",https://stripe.com/jobs/search?gh_jid=8114157,2026-09-10T13:11:58-04:00
7576999,"Account Executive, SMB Grower",Chicago,https://stripe.com/jobs/search?gh_jid=7576999,2026-09-23T13:36:19-04:00
8156996,"Account Executive, SMB (Grower)",Chicago,https://stripe.com/jobs/search?gh_jid=8156996,2026-09-23T13:36:25-04:00
7277406,"Account Executive, SMB (Hunter)",Chicago and NYC,https://stripe.com/jobs/search?gh_jid=7277406,2026-09-23T13:37:13-04:00
8129958,"Account Executive, SMB Hunter (Central Eastern Europe)",Dublin,https://stripe.com/jobs/search?gh_jid=8129958,2026-09-10T13:11:58-04:00
8213057,"Account Executive, SMB Hunter (DACH)",Dublin,https://stripe.com/jobs/search?gh_jid=8213057,2026-09-21T09:41:01-04:00
8128552,"Account Executive, Startups (Grower)",San Francisco,https://stripe.com/jobs/search?gh_jid=8128552,2026-09-10T13:11:58-04:00
8119498,"Account Executive, Startups SaaS Platforms Grower",Dublin,https://stripe.com/jobs/search?gh_jid=8119498,2026-09-10T13:11:58-04:00
8157577,"Account Executive, Strategic Platform Partnerships","San Francisco, CA; New York, NY",https://stripe.com/jobs/search?gh_jid=8157577,2026-09-10T13:11:58-04:00
8110261,"Account Executive, Strategics ","San Francisco, Seattle ",https://stripe.com/jobs/search?gh_jid=8110261,2026-09-10T13:11:58-04:00
8130729,"Account Executive, UK Velocity Hunter",London or Dublin,https://stripe.com/jobs/search?gh_jid=8130729,2026-09-16T05:49:25-04:00
8128632,"Account Executive, Velocity Platforms (Hunter)",Chicago,https://stripe.com/jobs/search?gh_jid=8128632,2026-09-10T13:11:58-04:00
8195480,Account Executive - Velocity SMB Grower,Dublin,https://stripe.com/jobs/search?gh_jid=8195480,2026-09-23T11:59:45-04:00
8103750,Accounting AI Solutions Lead,"Seattle, San Francisco, New York",https://stripe.com/jobs/search?gh_jid=8103750,2026-09-10T13:11:58-04:00
7118945,Accounts Receivable Manager,Bengaluru,https://stripe.com/jobs/search?gh_jid=7118945,2026-09-10T13:11:58-04:00
8209652,Administrative Business Partner,Chicago,https://stripe.com/jobs/search?gh_jid=8209652,2026-09-22T14:52:36-04:00
8081673,Administrative Business Partner,SF,https://stripe.com/jobs/search?gh_jid=8081673,2026-09-10T13:11:58-04:00
8209639,"Administrative Business Partner, Office of the President","NYC, SF",https://stripe.com/jobs/search?gh_jid=8209639,2026-09-17T11:29:12-04:00
8223719,Administrative Coordinator,Mexico City,https://stripe.com/jobs/search?gh_jid=8223719,2026-09-22T13:35:45-04:00
7844214,AEO and GEO Marketing Manager,Remote in the US,https://stripe.com/jobs/search?gh_jid=7844214,2026-09-10T13:11:58-04:00
8044460,AI Engineer,Chicago,https://stripe.com/jobs/search?gh_jid=8044460,2026-09-14T10:31:25-04:00
8221776,"AI Solutions Program Manager, Finance","SEA, SF, NYC, CHI",https://stripe.com/jobs/search?gh_jid=8221776,2026-09-24T18:18:41-04:00
8074125,Android BSP Engineer,"Taipei, Taiwan",https://stripe.com/jobs/search?gh_jid=8074125,2026-09-16T23:22:14-04:00
7543559,"Android Engineer, Terminal",Toronto,https://stripe.com/jobs/search?gh_jid=7543559,2026-09-10T13:11:58-04:00
7557403,"Android Engineer, Terminal OS Platform","San Francisco, Seattle",https://stripe.com/jobs/search?gh_jid=7557403,2026-09-10T13:11:58-04:00
7764914,APAC Executive Marketing,"Singapore, Sydney",https://stripe.com/jobs/search?gh_jid=7764914,2026-09-10T13:11:58-04:00
8113337,ARG Engineering Manager,US - Remote,https://stripe.com/jobs/search?gh_jid=8113337,2026-09-10T13:11:58-04:00
7369543,"Backend/API Engineer, Money as a Service (Product) ",United Kingdom,https://stripe.com/jobs/search?gh_jid=7369543,2026-09-15T06:36:39-04:00
6042172,"Backend Engineer, Core Technology","US-Remote, Chicago, Seattle, San Francisco",https://stripe.com/jobs/search?gh_jid=6042172,2026-09-10T13:11:58-04:00
7476555,"Backend Engineer, Developer & End-user Experience Platform","SEA, SF, NY, Toronto",https://stripe.com/jobs/search?gh_jid=7476555,2026-09-10T13:11:58-04:00
7557899,"Backend Engineer, Developer & End-user Experience Platform","Toronto, NY, SEA, SF",https://stripe.com/jobs/search?gh_jid=7557899,2026-09-10T13:11:58-04:00
7988264,"Backend Engineer, Intelligent Commerce","Seattle, San Francisco, New York",https://stripe.com/jobs/search?gh_jid=7988264,2026-09-16T11:56:00-04:00
8131144,"Backend Engineer, Link","NYC, Sea, SF, Tor",https://stripe.com/jobs/search?gh_jid=8131144,2026-09-17T17:34:44-04:00
6692166,"Backend Engineer, Payments","Toronto, Canada Remote",https://stripe.com/jobs/search?gh_jid=6692166,2026-09-15T16:51:57-04:00
7232592,"Backend Engineer, Payments and Risk",US,https://stripe.com/jobs/search?gh_jid=7232592,2026-09-15T16:51:33-04:00
7895287,"Backend Engineer, Payments Experiences",Sao Paulo,https://stripe.com/jobs/search?gh_jid=7895287,2026-09-10T13:11:58-04:00
7235875,"Backend Engineer, Privy",NYC-Privy,https://stripe.com/jobs/search?gh_jid=7235875,2026-09-10T13:11:58-04:00
8202831,"Benefits Program Manager, EMEA","Dublin, London",https://stripe.com/jobs/search?gh_jid=8202831,2026-09-15T07:05:28-04:00
7991528,"Brand Producer, Link",US,https://stripe.com/jobs/search?gh_jid=7991528,2026-09-10T13:11:58-04:00
7919064,Business Partner Analyst,"Dublin, Ireland",https://stripe.com/jobs/search?gh_jid=7919064,2026-09-10T13:11:58-04:00
8079783,Business Partner Analyst,"US-SF, US-Seattle, US-NYC, US-Chicago, US-Georgia or US-Remote",https://stripe.com/jobs/search?gh_jid=8079783,2026-09-15T06:09:18-04:00
8145117,Business Systems Architect (Tax),"South San Francisco, CA",https://stripe.com/jobs/search?gh_jid=8145117,2026-09-10T13:11:58-04:00
8097051,Business Value Consultant,"Chicago, New York, San Francisco",https://stripe.com/jobs/search?gh_jid=8097051,2026-09-10T13:11:58-04:00
7584016,Campaign Strategy & Operations Manager,"San Francisco, Seattle, New York, Chicago, Remote in the US",https://stripe.com/jobs/search?gh_jid=7584016,2026-09-14T10:31:54-04:00
8206733,"Capital Markets, FX Specialist",New York,https://stripe.com/jobs/search?gh_jid=8206733,2026-09-16T15:59:38-04:00
8164481,Capital Markets Investments,"New York, NY",https://stripe.com/jobs/search?gh_jid=8164481,2026-09-10T13:11:58-04:00
8195584,Channel Sales Executive,Dublin,https://stripe.com/jobs/search?gh_jid=8195584,2026-09-11T09:56:20-04:00
8126984,"Channel Sales Executive, SaaS Platforms",Chicago,https://stripe.com/jobs/search?gh_jid=8126984,2026-09-10T14:36:48-04:00
7982720,Client Platform Security Engineer,"New York, New York ",https://stripe.com/jobs/search?gh_jid=7982720,2026-09-22T10:51:49-04:00
7867389,Cloud Security Engineer,Seattle,https://stripe.com/jobs/search?gh_jid=7867389,2026-09-10T13:11:58-04:00
8092304,"Commercial Counsel, EMEA",Paris,https://stripe.com/jobs/search?gh_jid=8092304,2026-09-10T13:11:58-04:00
8114272,"Comms, Public Goods",San Francisco ,https://stripe.com/jobs/search?gh_jid=8114272,2026-09-10T13:11:58-04:00
8138000,"Communities Partner Development Manager, SaaS Platforms",US-Remote,https://stripe.com/jobs/search?gh_jid=8138000,2026-09-10T13:11:58-04:00
8103952,"Communities Partner Development Manager, SaaS Platforms",US-Remote,https://stripe.com/jobs/search?gh_jid=8103952,2026-09-10T13:11:58-04:00
8070054,Company Strategy & Operations,US,https://stripe.com/jobs/search?gh_jid=8070054,2026-09-16T14:25:39-04:00
7530580,"Compliance Manager, User Enablement",Dublin OR London,https://stripe.com/jobs/search?gh_jid=7530580,2026-09-10T13:11:58-04:00
7967890,Consumer Operations Associate,Mexico City,https://stripe.com/jobs/search?gh_jid=7967890,2026-09-10T13:11:58-04:00
8074923,"Consumer Operations, Program Manager","New York, NY",https://stripe.com/jobs/search?gh_jid=8074923,2026-09-10T13:11:58-04:00
7994945,Contracting Operations Specialist,Bengaluru,https://stripe.com/jobs/search?gh_jid=7994945,2026-09-10T13:11:58-04:00
8163187,Core Business Recruiter (Fixed Term Contract),Chicago,https://stripe.com/jobs/search?gh_jid=8163187,2026-09-10T13:11:58-04:00
8158092,"Core Recruiter (Risk, Partnerships, Operations)",Singapore,https://stripe.com/jobs/search?gh_jid=8158092,2026-09-10T13:11:58-04:00
7827403,Corporate Communications,"DC, SF, NYC",https://stripe.com/jobs/search?gh_jid=7827403,2026-09-10T13:11:58-04:00
8065818,Corporate Development M&A Integration Manager,"SF, NYC",https://stripe.com/jobs/search?gh_jid=8065818,2026-09-10T13:11:58-04:00
8001341,"Creative Director, Copy & Campaigns",US,https://stripe.com/jobs/search?gh_jid=8001341,2026-09-10T13:11:58-04:00
8001909,"Creative Director, Event Design",US,https://stripe.com/jobs/search?gh_jid=8001909,2026-09-10T13:11:58-04:00
8213951,Credit Operations Manager,"Chicago, Atlanta, US-Remote",https://stripe.com/jobs/search?gh_jid=8213951,2026-09-23T17:35:17-04:00
7540441,"Credit Risk Analyst Commercial Underwriter, West Coast","Chicago, US-Remote, Canada-Remote",https://stripe.com/jobs/search?gh_jid=7540441,2026-09-10T13:11:58-04:00
7612192,"Credit Risk Analyst, North American Underwriter","Toronto, Remote-Canada ",https://stripe.com/jobs/search?gh_jid=7612192,2026-09-10T13:11:58-04:00
8104748, Credit Risk Operations Associate,Bangalore ,https://stripe.com/jobs/search?gh_jid=8104748,2026-09-10T13:11:58-04:00
7456167,Credit Risk Operations Associate (CDMX),Mexico City,https://stripe.com/jobs/search?gh_jid=7456167,2026-09-10T13:11:58-04:00
8047791,Credit Risk Operations Team Lead,Bengaluru,https://stripe.com/jobs/search?gh_jid=8047791,2026-09-10T13:11:58-04:00
8175816,"Critical Support Operations Associate, Weekend Coverage",N/A,https://stripe.com/jobs/search?gh_jid=8175816,2026-09-10T13:11:58-04:00
8188326,Crypto Controls and Compliance Advisor ,Remote US,https://stripe.com/jobs/search?gh_jid=8188326,2026-09-18T16:42:22-04:00
7774312,Crypto Product Accounting ,"San Francisco, Seattle, New York",https://stripe.com/jobs/search?gh_jid=7774312,2026-09-10T13:11:58-04:00
7587353,"Customer Funds Reconciliation Manager, Luxembourg",Luxembourg,https://stripe.com/jobs/search?gh_jid=7587353,2026-09-10T13:11:58-04:00
8175834,Customer Success Leader (Greater China),Singapore,https://stripe.com/jobs/search?gh_jid=8175834,2026-09-11T00:44:41-04:00
7810205,Customer Success Manager,London,https://stripe.com/jobs/search?gh_jid=7810205,2026-09-10T13:11:58-04:00
6558993,Customer Success Manager,"Chicago, IL; Atlanta, GA",https://stripe.com/jobs/search?gh_jid=6558993,2026-09-21T15:47:07-04:00
8009536,Customer Success Manager ,London,https://stripe.com/jobs/search?gh_jid=8009536,2026-09-10T13:11:58-04:00
8170772,Customer Success Manager ,London,https://stripe.com/jobs/search?gh_jid=8170772,2026-09-10T13:11:58-04:00
8208521,"Customer Success Manager, Enterprise","Chicago, US",https://stripe.com/jobs/search?gh_jid=8208521,2026-09-21T16:19:10-04:00
8178692,"Customer Success Manager, Enterprise","New York, NY; Seattle, WA; San Francisco, CA; Chicago, IL; Atlanta, GA",https://stripe.com/jobs/search?gh_jid=8178692,2026-09-22T13:34:05-04:00
8104481,"Customer Success Manager, Key Accounts","San Francisco, CA",https://stripe.com/jobs/search?gh_jid=8104481,2026-09-10T13:11:58-04:00
8074199,"Customer Success Manager, Metronome",London,https://stripe.com/jobs/search?gh_jid=8074199,2026-09-10T13:11:58-04:00
8097840,"Customer Success Manager, Platforms ","Chicago, IL; Atlanta, GA",https://stripe.com/jobs/search?gh_jid=8097840,2026-09-22T15:25:51-04:00
8049910,"Customer Success Manager, Radar","Chicago, IL; Atlanta, GA; San Francisco, CA; Seattle, WA; New York, NY",https://stripe.com/jobs/search?gh_jid=8049910,2026-09-10T13:11:58-04:00
8052814,"Customer Success Manager, Revenue Suite","San Francisco, CA; Chicago, IL; Seattle, WA; New York, NY ",https://stripe.com/jobs/search?gh_jid=8052814,2026-09-10T13:11:58-04:00
8194289,"Customer Success Manager, RFA","Chicago, IL",https://stripe.com/jobs/search?gh_jid=8194289,2026-09-10T19:41:52-04:00
5416444,Data Analyst,Canada,https://stripe.com/jobs/search?gh_jid=5416444,2026-09-10T13:11:58-04:00
8230296,"Data Analyst, Global Growth",Singapore,https://stripe.com/jobs/search?gh_jid=8230296,2026-09-25T05:09:57-04:00
8189909,"Data Analyst, NYC ",New York,https://stripe.com/jobs/search?gh_jid=8189909,2026-09-10T17:39:22-04:00
8044924,"Data Analyst, Payments",Singapore,https://stripe.com/jobs/search?gh_jid=8044924,2026-09-10T13:11:58-04:00
8106026,Data Excellence Manager ,"US Remote, Chicago, SF, Seattle, NYC",https://stripe.com/jobs/search?gh_jid=8106026,2026-09-10T16:19:57-04:00
7440963,"Data Science Manager, Finance and Strategy","Seattle, WA OR New York, NY OR Remote North America",https://stripe.com/jobs/search?gh_jid=7440963,2026-09-10T13:11:58-04:00
7923653,"Data Science Manager, Risk",Bengaluru,https://stripe.com/jobs/search?gh_jid=7923653,2026-09-10T13:11:58-04:00
8222149,Data Scientist,"Seattle, WA",https://stripe.com/jobs/search?gh_jid=8222149,2026-09-21T20:23:42-04:00
8080614,"Data Scientist, Core Infrastructure",Seattle,https://stripe.com/jobs/search?gh_jid=8080614,2026-09-17T14:43:40-04:00
8113100,"Data Scientist, Fraud",Toronto,https://stripe.com/jobs/search?gh_jid=8113100,2026-09-17T14:45:22-04:00
8043052,"Data Scientist, Global Growth",Singapore,https://stripe.com/jobs/search?gh_jid=8043052,2026-09-10T13:11:58-04:00
8018297,"Data Scientist, Payments",Dublin,https://stripe.com/jobs/search?gh_jid=8018297,2026-09-10T13:11:58-04:00
7998031,Deal Pricing,Mexico City,https://stripe.com/jobs/search?gh_jid=7998031,2026-09-10T13:11:58-04:00
8080240,Deal Pricing Strategist,"San Francisco, California",https://stripe.com/jobs/search?gh_jid=8080240,2026-09-10T13:11:58-04:00
7960875,"Deal Pricing Strategist, APAC",Singapore,https://stripe.com/jobs/search?gh_jid=7960875,2026-09-24T11:53:08-04:00
7958150,Deal Strategist,US-Remote,https://stripe.com/jobs/search?gh_jid=7958150,2026-09-10T13:11:58-04:00
8224612,Deal Strategist,"London, Dublin",https://stripe.com/jobs/search?gh_jid=8224612,2026-09-24T04:46:40-04:00
8212314,"Design Engineer, Expansion","US, Canada",https://stripe.com/jobs/search?gh_jid=8212314,2026-09-22T11:54:37-04:00
7144975,"Design Engineer, Presence","US, Canada",https://stripe.com/jobs/search?gh_jid=7144975,2026-09-22T12:13:26-04:00
7977745,"Designer, Web Presence & Platform",US / Cananda,https://stripe.com/jobs/search?gh_jid=7977745,2026-09-10T13:11:58-04:00
8130913,"Designer, Web Presence & Platform",US-Remote,https://stripe.com/jobs/search?gh_jid=8130913,2026-09-24T18:17:54-04:00
8155390,"Design Program Manager, Research Operations",US,https://stripe.com/jobs/search?gh_jid=8155390,2026-09-10T13:11:58-04:00
8203216,"Editorial Director, Brand & Creative Partnerships","US: SF, NYC, Seattle and Remote",https://stripe.com/jobs/search?gh_jid=8203216,2026-09-23T17:39:55-04:00
8209626,"EMEA Demand Generation, Platforms ",London,https://stripe.com/jobs/search?gh_jid=8209626,2026-09-18T05:49:54-04:00
8209649,"Engagement Manager, Professional Services",United States,https://stripe.com/jobs/search?gh_jid=8209649,2026-09-21T10:50:05-04:00
8102337,"Engagement Manager, Professional Services (SEA/GCN)",Singapore,https://stripe.com/jobs/search?gh_jid=8102337,2026-09-17T12:38:14-04:00
8172489,"Engineering Manager, Abuse Control Engineering","Seattle, SF, NYC, Remote in the US",https://stripe.com/jobs/search?gh_jid=8172489,2026-09-16T10:52:39-04:00
8172499,"Engineering Manager, Agentic Commerce",N/A,https://stripe.com/jobs/search?gh_jid=8172499,2026-09-15T19:00:07-04:00
7943804,"Engineering Manager, AI Conversation Platform","Toronto, Canada",https://stripe.com/jobs/search?gh_jid=7943804,2026-09-10T13:11:58-04:00
7841757,"Engineering Manager, APAC & EMEA Cards",Singapore,https://stripe.com/jobs/search?gh_jid=7841757,2026-09-10T13:11:58-04:00
8198193,"Engineering Manager, Billing Collections",N/A,https://stripe.com/jobs/search?gh_jid=8198193,2026-09-11T19:13:46-04:00
8165515,"Engineering Manager, Billing Configuration",N/A,https://stripe.com/jobs/search?gh_jid=8165515,2026-09-10T13:11:58-04:00
8180536,"Engineering Manager, Billing Products","US-Remote, Chicago",https://stripe.com/jobs/search?gh_jid=8180536,2026-09-10T13:11:58-04:00
8161567,"Engineering Manager, Checkout Optimization",N/A,https://stripe.com/jobs/search?gh_jid=8161567,2026-09-10T13:11:58-04:00
7835108,Engineering Manager - Core Performance,"Sydney, Australia",https://stripe.com/jobs/search?gh_jid=7835108,2026-09-10T13:11:58-04:00
7688358,"Engineering Manager, Data Transformation","US-SEA, US-SF, US-NYC, US-Remote",https://stripe.com/jobs/search?gh_jid=7688358,2026-09-10T13:11:58-04:00
7947546,"Engineering Manager, Forward Deployed (Privy)",NYC-Privy,https://stripe.com/jobs/search?gh_jid=7947546,2026-09-10T13:11:58-04:00
8128496,"Engineering Manager, Infrastructure","Seattle, San Francisco, New York City",https://stripe.com/jobs/search?gh_jid=8128496,2026-09-15T15:15:15-04:00
8230300,Engineering Manager - LPM Foundations,Dublin,https://stripe.com/jobs/search?gh_jid=8230300,2026-09-24T12:04:58-04:00
8205280,"Engineering Manager, Machine Learning - Credit Risk",N/A,https://stripe.com/jobs/search?gh_jid=8205280,2026-09-15T16:51:21-04:00
8069506,"Engineering Manager, Machine Learning - Fraud Detection",N/A,https://stripe.com/jobs/search?gh_jid=8069506,2026-09-10T13:11:58-04:00
8155381,"Engineering Manager of Managers, Service Infrastructure","Seattle, San Francisco",https://stripe.com/jobs/search?gh_jid=8155381,2026-09-10T13:11:58-04:00
8104767,"Engineering Manager, Payments",Singapore,https://stripe.com/jobs/search?gh_jid=8104767,2026-09-10T13:11:58-04:00
7913545,"Engineering Manager, Platform (Privy)",NYC-Privy,https://stripe.com/jobs/search?gh_jid=7913545,2026-09-10T13:11:58-04:00
8124299,"Engineering Manager, Requirements Management (Risk)",Toronto,https://stripe.com/jobs/search?gh_jid=8124299,2026-09-10T13:11:58-04:00
7769005,"Engineering Manager, Terminal","Toronto, Canada",https://stripe.com/jobs/search?gh_jid=7769005,2026-09-10T13:11:58-04:00
8102346,Enterprise Account Executive -Grower,Sydney or Melbourne,https://stripe.com/jobs/search?gh_jid=8102346,2026-09-10T13:11:58-04:00
8109607,Enterprise Account Executive - Hunter,Auckland,https://stripe.com/jobs/search?gh_jid=8109607,2026-09-10T13:11:58-04:00
8029128,"Enterprise Account Executive, Revenue Suite (Grower)",Sydney,https://stripe.com/jobs/search?gh_jid=8029128,2026-09-14T01:07:08-04:00
8155639,"Enterprise Services Manager, Professional Services Sales","SF, Seattle, NYC, Chicago",https://stripe.com/jobs/search?gh_jid=8155639,2026-09-10T13:11:58-04:00
8163198,"Enterprise Services Manager, Professional Services Sales (SEA/GCN)",Singapore,https://stripe.com/jobs/search?gh_jid=8163198,2026-09-14T07:01:25-04:00
8141829,Enterprise Support Specialist,Singapore,https://stripe.com/jobs/search?gh_jid=8141829,2026-09-24T01:28:10-04:00
8191248,Enterprise Support Specialist ,Dublin,https://stripe.com/jobs/search?gh_jid=8191248,2026-09-14T16:13:56-04:00
8190030,Executive Advisory Programs Manager,"South San Francisco HQ, New York, Remote US",https://stripe.com/jobs/search?gh_jid=8190030,2026-09-10T13:57:34-04:00
8175675,"Executive Engagement Marketing Manager, Americas","Remote, US",https://stripe.com/jobs/search?gh_jid=8175675,2026-09-10T13:11:58-04:00
7634113,"Field Marketing Manager, SMB and Mid-Market - EMEA",Dublin,https://stripe.com/jobs/search?gh_jid=7634113,2026-09-10T13:11:58-04:00
7473983,Finance and Strategy Analyst,"San Francisco, New York City, Chicago, Seattle",https://stripe.com/jobs/search?gh_jid=7473983,2026-09-16T17:17:33-04:00
7597613,Finance and Strategy Specialist,Bengaluru,https://stripe.com/jobs/search?gh_jid=7597613,2026-09-10T13:11:58-04:00
8180843,Finance & Strategy Partner,"San Francisco, Seattle, New York City",https://stripe.com/jobs/search?gh_jid=8180843,2026-09-15T18:03:46-04:00
8066264,"Financial Analyst, Business F&S",Bengaluru,https://stripe.com/jobs/search?gh_jid=8066264,2026-09-10T13:11:58-04:00
8004223,Financial Connections TechOps Integration Reliability Engineer,Toronto,https://stripe.com/jobs/search?gh_jid=8004223,2026-09-17T12:24:37-04:00
8079918,Financial Connections TechOps Manager,"Toronto, Ontario, Canada",https://stripe.com/jobs/search?gh_jid=8079918,2026-09-10T13:11:58-04:00
7974209,"Financial Crimes Analyst, Crypto Investigations",United States,https://stripe.com/jobs/search?gh_jid=7974209,2026-09-18T13:25:17-04:00
8186442,"Financial Data Analyst Intern, Technical Operations",Singapore,https://stripe.com/jobs/search?gh_jid=8186442,2026-09-24T19:12:46-04:00
8040825,Firmware Engineer,Taipei City,https://stripe.com/jobs/search?gh_jid=8040825,2026-09-16T02:08:21-04:00
8055930,"Forward Deployed AI Accelerator, Marketing","Remote in the US, Remote in Canada",https://stripe.com/jobs/search?gh_jid=8055930,2026-09-10T13:11:58-04:00
7747640,"Forward Deployed AI Accelerator, Marketing","Seattle, San Francisco",https://stripe.com/jobs/search?gh_jid=7747640,2026-09-18T20:52:49-04:00
7230452,"Forward Deployed Engineer, Privy",New York Privy HQ,https://stripe.com/jobs/search?gh_jid=7230452,2026-09-10T13:11:58-04:00
8181003,Forward Deployed Security Engineer,Dublin,https://stripe.com/jobs/search?gh_jid=8181003,2026-09-10T13:11:58-04:00
8076652,Fraud Operations Associate (Mandarin Speaking),Bengaluru,https://stripe.com/jobs/search?gh_jid=8076652,2026-09-10T13:11:58-04:00
7651078,Fraud Operations Associate SDC,Mexico City,https://stripe.com/jobs/search?gh_jid=7651078,2026-09-10T13:11:58-04:00
8066310,Fraud Operations Associate SDC,Bengaluru,https://stripe.com/jobs/search?gh_jid=8066310,2026-09-22T05:51:51-04:00
7608396,Fraud Operations Manager,Bengaluru,https://stripe.com/jobs/search?gh_jid=7608396,2026-09-25T03:56:02-04:00
8175832,Fraud Operations Manager,US-Remote,https://stripe.com/jobs/search?gh_jid=8175832,2026-09-10T13:11:58-04:00
7994541,Fraud Operations Manager (Mandarin-speaking),Singapore,https://stripe.com/jobs/search?gh_jid=7994541,2026-09-10T13:11:58-04:00
7685460,Fraud Operations Team Lead,Mexico City,https://stripe.com/jobs/search?gh_jid=7685460,2026-09-10T13:11:58-04:00
8063857,Fraud Operations Team Lead,Bengaluru,https://stripe.com/jobs/search?gh_jid=8063857,2026-09-10T13:11:58-04:00
7913410,Fraud Patterns Analyst,US-Remote,https://stripe.com/jobs/search?gh_jid=7913410,2026-09-10T13:11:58-04:00
8112448,Fraud Strategist,LOCATION,https://stripe.com/jobs/search?gh_jid=8112448,2026-09-22T17:32:59-04:00
8194604,"Frontend Engineer, Data Product Experiences",N/A,https://stripe.com/jobs/search?gh_jid=8194604,2026-09-22T15:34:29-04:00
8194606,"Frontend Engineer, Data Product Experiences",N/A,https://stripe.com/jobs/search?gh_jid=8194606,2026-09-22T15:31:09-04:00
7644950,"Frontend Engineer, Expansion",N/A,https://stripe.com/jobs/search?gh_jid=7644950,2026-09-10T13:11:58-04:00
8131132,F&S COE Manager,Bengaluru,https://stripe.com/jobs/search?gh_jid=8131132,2026-09-10T13:11:58-04:00
6786324,"Full Stack Engineer, Billing",N/A,https://stripe.com/jobs/search?gh_jid=6786324,2026-09-10T13:11:58-04:00
8142764,"Full Stack Engineer, Bridge","San Francisco, NYC",https://stripe.com/jobs/search?gh_jid=8142764,2026-09-10T13:11:58-04:00
6567104,"Full Stack Engineer, Developer & End User Experience Platform",N/A,https://stripe.com/jobs/search?gh_jid=6567104,2026-09-10T13:11:58-04:00
8118929,"Full Stack Engineer, Enterprise & Ecosystem",N/A,https://stripe.com/jobs/search?gh_jid=8118929,2026-09-10T13:11:58-04:00
7964956,"Full Stack Engineer, Growth",Singapore,https://stripe.com/jobs/search?gh_jid=7964956,2026-09-10T13:11:58-04:00
8062305,"Full Stack Engineer, Link","New York, New York",https://stripe.com/jobs/search?gh_jid=8062305,2026-09-10T13:11:58-04:00
6606581,"Full Stack Engineer, Money as a Service",N/A,https://stripe.com/jobs/search?gh_jid=6606581,2026-09-10T13:11:58-04:00
8226261,"Full Stack Engineer, Money Movement",London,https://stripe.com/jobs/search?gh_jid=8226261,2026-09-23T10:23:17-04:00
8039548,"Full Stack Engineer, Support Experience (Greater China Support)",US,https://stripe.com/jobs/search?gh_jid=8039548,2026-09-10T13:11:58-04:00
7436086,"Full Stack Engineer, Web Presence and Platform",N/A,https://stripe.com/jobs/search?gh_jid=7436086,2026-09-10T13:11:58-04:00
7895284,"Full Stack Software Engineer, Brazil",Sao Paulo,https://stripe.com/jobs/search?gh_jid=7895284,2026-09-10T13:11:58-04:00
7997545,"Global Filing Specialist, Tax","US Remote,Toronto, CA-Remote-Ontario",https://stripe.com/jobs/search?gh_jid=7997545,2026-09-10T13:11:58-04:00
8146053,"Global Partnerships Lead — Greater China, Hong Kong & Singapore",Singapore,https://stripe.com/jobs/search?gh_jid=8146053,2026-09-10T13:11:58-04:00
8078168,"Growth Marketing Manager, Greater China",Singapore,https://stripe.com/jobs/search?gh_jid=8078168,2026-09-10T13:11:58-04:00
7993610,GTM Operations Process Architect,US Remote National,https://stripe.com/jobs/search?gh_jid=7993610,2026-09-10T13:11:58-04:00
7990812,"GTM Product Marketing Manager, Commerce Experiences",United States,https://stripe.com/jobs/search?gh_jid=7990812,2026-09-10T13:11:58-04:00
8141450,GTM Recruiter,"Dublin, London",https://stripe.com/jobs/search?gh_jid=8141450,2026-09-10T13:11:58-04:00
8141453,"GTM Recruiter, APAC (Fixed Term Contract)",Singapore,https://stripe.com/jobs/search?gh_jid=8141453,2026-09-10T13:11:58-04:00
8016504,GTM Recruiter (Fixed Term),"Chicago, Atlanta, US-Remote, Toro",https://stripe.com/jobs/search?gh_jid=8016504,2026-09-24T22:49:36-04:00
8230564,GTM Sourcer (Fixed Term Contract),"Chicago, Atlanta, US-Remote, Toronto",https://stripe.com/jobs/search?gh_jid=8230564,2026-09-24T22:53:12-04:00
8145119,GTM Strategy & Operations Analyst,"New York, NY",https://stripe.com/jobs/search?gh_jid=8145119,2026-09-10T13:11:58-04:00
8195483,GTM Strategy & Operations Analyst,Dublin ,https://stripe.com/jobs/search?gh_jid=8195483,2026-09-14T06:02:54-04:00
8201680,GTM Strategy & Operations Analyst,"NYC, SF, Seattle, US",https://stripe.com/jobs/search?gh_jid=8201680,2026-09-18T16:51:44-04:00
8128634,Head of AEO & SEO,"US Remote; Chicago, Atlanta, Canada",https://stripe.com/jobs/search?gh_jid=8128634,2026-09-10T13:11:58-04:00
8014382,Head of Brand Studio Operations,US,https://stripe.com/jobs/search?gh_jid=8014382,2026-09-10T13:11:58-04:00
7684149,"Head of Communications, APAC",Singapore,https://stripe.com/jobs/search?gh_jid=7684149,2026-09-10T13:11:58-04:00
7950828,Head of Finance Operations,Bengaluru,https://stripe.com/jobs/search?gh_jid=7950828,2026-09-10T13:11:58-04:00
8059299,"Head of Marketing, Southeast Asia",Singapore,https://stripe.com/jobs/search?gh_jid=8059299,2026-09-10T13:11:58-04:00
8036235,"Head of Market Intelligence, Product Marketing","SF, Seattle, NYC, Chicago, Remote in the US",https://stripe.com/jobs/search?gh_jid=8036235,2026-09-10T13:11:58-04:00
8154531,"Head of Money Management, Finance & Strategy ","Seattle, San Francisco, New York, Chicago ",https://stripe.com/jobs/search?gh_jid=8154531,2026-09-16T19:21:25-04:00
8176733,"Head of New Business, Startups EMEA",Dublin,https://stripe.com/jobs/search?gh_jid=8176733,2026-09-24T03:19:08-04:00
7915144,Head of Platforms Solutions Architecture,"San Francisco, CA",https://stripe.com/jobs/search?gh_jid=7915144,2026-09-23T16:59:36-04:00
8165855,Head of Private Equity and Advisory Partnerships,US-San Francisco,https://stripe.com/jobs/search?gh_jid=8165855,2026-09-11T17:23:52-04:00
8156998,"Head of Sales, Billing","New York, San Francisco, Chicago, Seattle",https://stripe.com/jobs/search?gh_jid=8156998,2026-09-10T13:11:58-04:00
8225841,"Head of Sales, India",Bangalore,https://stripe.com/jobs/search?gh_jid=8225841,2026-09-25T03:56:58-04:00
7523947,"Head of Specialist Solutions Architecture, Revenue (AMER)",SF,https://stripe.com/jobs/search?gh_jid=7523947,2026-09-21T14:19:40-04:00
8110416,Head of Startup Sales (Grower) - AMER,San Francisco,https://stripe.com/jobs/search?gh_jid=8110416,2026-09-10T13:11:58-04:00
8076108,"Head of Strategic Risk Programs, New Markets",Singapore,https://stripe.com/jobs/search?gh_jid=8076108,2026-09-10T13:11:58-04:00
7976163, Hong Kong Regulatory Compliance & Money Laundering Reporting Officer,"Hong Kong , Singapore",https://stripe.com/jobs/search?gh_jid=7976163,2026-09-10T13:11:58-04:00
8179347,Implementation Consultant (AUNZ),Sydney,https://stripe.com/jobs/search?gh_jid=8179347,2026-09-17T04:16:23-04:00
8203977,"Implementation Consultant, Professional Services","Chicago, Toronto",https://stripe.com/jobs/search?gh_jid=8203977,2026-09-23T11:42:34-04:00
8175818,Implementation Consultant (SEA/GCN),Singapore,https://stripe.com/jobs/search?gh_jid=8175818,2026-09-10T13:11:58-04:00
7393071,"Implementation Specialist, GTM Accelerate",Mexico,https://stripe.com/jobs/search?gh_jid=7393071,2026-09-10T13:11:58-04:00
8172493,Incident Response Manager - Abuse Operations ,Dublin,https://stripe.com/jobs/search?gh_jid=8172493,2026-09-12T14:04:43-04:00
8007205,Incident Response Manager - Security ,Dublin,https://stripe.com/jobs/search?gh_jid=8007205,2026-09-12T13:45:45-04:00
8189020,"India Tax Lead - Tax, APAC",Bangalore,https://stripe.com/jobs/search?gh_jid=8189020,2026-09-11T01:20:10-04:00
7589400,Indirect Tax Advisory Consultant,Dublin or London,https://stripe.com/jobs/search?gh_jid=7589400,2026-09-10T13:11:58-04:00
7462961,"Infrastructure Engineer, Privy",New York,https://stripe.com/jobs/search?gh_jid=7462961,2026-09-10T13:11:58-04:00
8067276,"Integrated Campaigns Manager - Stablecoins, Crypto, and Bridge","US, Remote",https://stripe.com/jobs/search?gh_jid=8067276,2026-09-10T13:11:58-04:00
8187572,"Integrated Marketing Lead, Cross Product",Remote US,https://stripe.com/jobs/search?gh_jid=8187572,2026-09-24T22:41:49-04:00
8175647,Integration Engineer (Metronome) ,Remote,https://stripe.com/jobs/search?gh_jid=8175647,2026-09-24T08:35:31-04:00
8080454,"Integration Engineer, Metronome",Remote,https://stripe.com/jobs/search?gh_jid=8080454,2026-09-22T17:18:47-04:00
8171222,"Integration Engineer, Metronome ",London,https://stripe.com/jobs/search?gh_jid=8171222,2026-09-16T12:33:59-04:00
8203973,"Integration Engineer, Professional Services",United States,https://stripe.com/jobs/search?gh_jid=8203973,2026-09-23T09:46:45-04:00
8075577,"Integration Engineer, Professional Services",United States or Canada,https://stripe.com/jobs/search?gh_jid=8075577,2026-09-15T10:41:15-04:00
8075570,"Integration Engineer, Professional Services","Seattle, San Francisco, or New York",https://stripe.com/jobs/search?gh_jid=8075570,2026-09-15T10:39:43-04:00
8053417,"Integration Engineer, SEA/GCN",Singapore,https://stripe.com/jobs/search?gh_jid=8053417,2026-09-10T13:11:58-04:00
8186367,"Integration Reliability Engineer Intern, Technical Operations",Singapore,https://stripe.com/jobs/search?gh_jid=8186367,2026-09-24T19:13:01-04:00
8054241,"Integration Reliability Engineer, Payments",Canada ,https://stripe.com/jobs/search?gh_jid=8054241,2026-09-21T09:59:37-04:00
8186445,"Integration Reliability Engineer, Technical Operations",Singapore,https://stripe.com/jobs/search?gh_jid=8186445,2026-09-22T23:28:48-04:00
8026689,Internal Audit Data Analytics Lead,"Toronto, New York, San Francisco",https://stripe.com/jobs/search?gh_jid=8026689,2026-09-10T13:11:58-04:00
8036233,Internal Auditor - APAC Regulatory & Financial Operations,Singapore,https://stripe.com/jobs/search?gh_jid=8036233,2026-09-10T13:11:58-04:00
8205278,"Internal Audit - Regulatory Lead, EMEA",London,https://stripe.com/jobs/search?gh_jid=8205278,2026-09-15T18:04:08-04:00
7678541,Internal Audit - Treasury,Dublin OR London,https://stripe.com/jobs/search?gh_jid=7678541,2026-09-10T13:11:58-04:00
7896151,"Internal Product Engineer, Developer Productivity AI ","Toronto, Canada ",https://stripe.com/jobs/search?gh_jid=7896151,2026-09-10T13:11:58-04:00
8172491,Investigator ,US Remote ,https://stripe.com/jobs/search?gh_jid=8172491,2026-09-22T10:39:26-04:00
8083464,"Investment Lead, Intercept","New York City, San Francisco, US-Remote",https://stripe.com/jobs/search?gh_jid=8083464,2026-09-10T13:11:58-04:00
8022463,"KYB/KYC Operations Associate, Bridge (English fluency)",Mexico City,https://stripe.com/jobs/search?gh_jid=8022463,2026-09-10T13:11:58-04:00
8209647,"Large User Sales Managers, Platform Partnerships","New York, NY; Chicago, IL or San Francisco, CA",https://stripe.com/jobs/search?gh_jid=8209647,2026-09-22T19:46:18-04:00
6209187,Legal Entity Controller,Bangalore,https://stripe.com/jobs/search?gh_jid=6209187,2026-09-10T13:11:58-04:00
8230294,Legal Operations Team Lead,Bengaluru,https://stripe.com/jobs/search?gh_jid=8230294,2026-09-25T02:26:42-04:00
8082149,"Lifecycle Marketing Manager, Capital","Remote, US",https://stripe.com/jobs/search?gh_jid=8082149,2026-09-10T13:11:58-04:00
8187580,Link Social Lead ,US,https://stripe.com/jobs/search?gh_jid=8187580,2026-09-24T13:27:02-04:00
8014859,Machine Learning Engineer,Toronto,https://stripe.com/jobs/search?gh_jid=8014859,2026-09-10T13:11:58-04:00
8197886,"Machine Learning Engineer, Link",New York City ,https://stripe.com/jobs/search?gh_jid=8197886,2026-09-21T12:52:34-04:00
8175671,"Manager, Competitive Programs","NYC, Seattle, SF, Remote",https://stripe.com/jobs/search?gh_jid=8175671,2026-09-10T13:11:58-04:00
8181034,"Manager, Customer Success Manager",Chicago,https://stripe.com/jobs/search?gh_jid=8181034,2026-09-17T15:47:49-04:00
8181032,"Manager, Customer Success Manager",Atlanta,https://stripe.com/jobs/search?gh_jid=8181032,2026-09-17T15:48:12-04:00
8181022,"Manager, Customer Success Platforms",NYC,https://stripe.com/jobs/search?gh_jid=8181022,2026-09-22T15:23:02-04:00
8014898,"Manager, Global Sanctions",United States,https://stripe.com/jobs/search?gh_jid=8014898,2026-09-10T13:11:58-04:00
7896802,"Manager, Global Sanctions ",Ireland,https://stripe.com/jobs/search?gh_jid=7896802,2026-09-10T13:11:58-04:00
8212674,"Manager, Go-to-Market Enablement Business Partners",San Francisco,https://stripe.com/jobs/search?gh_jid=8212674,2026-09-18T16:56:26-04:00
7703750,Manager - Legal Entity Controller,Bengaluru,https://stripe.com/jobs/search?gh_jid=7703750,2026-09-10T13:11:58-04:00
8175826,"Manager, Payments Performance (SEA and Greater China) ",Singapore,https://stripe.com/jobs/search?gh_jid=8175826,2026-09-10T13:11:58-04:00
7472519,"Manager, Product Support Operations - Top Startups",Mexico City,https://stripe.com/jobs/search?gh_jid=7472519,2026-09-18T11:22:02-04:00
8138302,"Manager, Risk Operations Technology Programs",United States,https://stripe.com/jobs/search?gh_jid=8138302,2026-09-10T13:11:58-04:00
7896538,"Manager, Sales Development","Chicago, Illinois",https://stripe.com/jobs/search?gh_jid=7896538,2026-09-10T13:11:58-04:00
7337544,"Manager, Sales Development",Dublin ,https://stripe.com/jobs/search?gh_jid=7337544,2026-09-10T13:11:58-04:00
8104302,"Manager, Solution Architecture Platforms","South San Francisco, CA , New York, NY",https://stripe.com/jobs/search?gh_jid=8104302,2026-09-17T14:20:36-04:00
8163542,"Manager, Solutions Architecture- Enterprise Hunter","New York, NY",https://stripe.com/jobs/search?gh_jid=8163542,2026-09-17T14:23:08-04:00
8175633,"Manager, Solutions Architecture - Enterprise (West)","San Francisco, CA ",https://stripe.com/jobs/search?gh_jid=8175633,2026-09-21T17:50:24-04:00
8175667,"Manager, Solutions Architecture - Platforms (Chicago)","Chicago, IL",https://stripe.com/jobs/search?gh_jid=8175667,2026-09-17T14:21:42-04:00
8154304,"Manager, Technical Account Management",Toronto,https://stripe.com/jobs/search?gh_jid=8154304,2026-09-14T10:56:33-04:00
8152136,"Manager, Technical Account Management",San Francisco or Seattle,https://stripe.com/jobs/search?gh_jid=8152136,2026-09-14T10:52:19-04:00
7767222,"Manager, Technical Account Management",Dublin,https://stripe.com/jobs/search?gh_jid=7767222,2026-09-10T13:11:58-04:00
8007738,"Manager, Technical Program Management",Dublin,https://stripe.com/jobs/search?gh_jid=8007738,2026-09-10T13:11:58-04:00
7805386,Marketing Operations Manager,"India, Bangalore ",https://stripe.com/jobs/search?gh_jid=7805386,2026-09-10T13:11:58-04:00
8172495,"Marketing Operations Program Manager, EMEA Events",London,https://stripe.com/jobs/search?gh_jid=8172495,2026-09-10T13:11:58-04:00
8176256,"Marketing Operations Program Manager, Events APAC ",Singapore,https://stripe.com/jobs/search?gh_jid=8176256,2026-09-17T05:36:12-04:00
8069943,Marketing Services Program Manager,Bangalore,https://stripe.com/jobs/search?gh_jid=8069943,2026-09-10T13:11:58-04:00
8022713,"ML Engineer Manager, AI Conversation Platform","Toronto, Canada",https://stripe.com/jobs/search?gh_jid=8022713,2026-09-10T13:11:58-04:00
7978915,"Mobile Engineer, Treasury",United Kingdom,https://stripe.com/jobs/search?gh_jid=7978915,2026-09-23T07:58:42-04:00
8021192,Monetization Operations Analyst,IN - Bengaluru,https://stripe.com/jobs/search?gh_jid=8021192,2026-09-10T13:11:58-04:00
8109554,Monetization Operations Analyst,"Seattle, WA",https://stripe.com/jobs/search?gh_jid=8109554,2026-09-10T13:11:58-04:00
8187278,"Money Management Demand Generation Manager, Americas","South San Francisco HQ, Seattle",https://stripe.com/jobs/search?gh_jid=8187278,2026-09-10T13:11:58-04:00
8131339,"Operations Associate, Apprenticeship",Bengaluru,https://stripe.com/jobs/search?gh_jid=8131339,2026-09-10T13:11:58-04:00
7955051,Operations Associate - Bridge (CDMX),Mexico City,https://stripe.com/jobs/search?gh_jid=7955051,2026-09-10T13:11:58-04:00
8014995,"Operations Associate, Financial Crimes (AML Investigations)",Mexico City,https://stripe.com/jobs/search?gh_jid=8014995,2026-09-10T13:11:58-04:00
7202953,"Operations Associate, Financial Crimes EDD/PEP",Mexico City ,https://stripe.com/jobs/search?gh_jid=7202953,2026-09-10T13:11:58-04:00
8102597,"Operations Associate, Financial Crimes EDD/PEP",Bangalore ,https://stripe.com/jobs/search?gh_jid=8102597,2026-09-10T13:11:58-04:00
8093103,Operations Associate - Managed Support (Includes Weekend Rotation),Mexico City,https://stripe.com/jobs/search?gh_jid=8093103,2026-09-10T13:11:58-04:00
7544547,"Operations Associate, New Grad (Mexico)","Mexico City, Mexico",https://stripe.com/jobs/search?gh_jid=7544547,2026-09-10T13:11:58-04:00
7981587,Operations Associate - Product Support Operations (CDMX),MX- Mexico City,https://stripe.com/jobs/search?gh_jid=7981587,2026-09-10T13:11:58-04:00
8098394,"Operations Associate, Sanctions",Bengaluru,https://stripe.com/jobs/search?gh_jid=8098394,2026-09-10T13:11:58-04:00
7997542,"Operations Insights, Tax",US Remote,https://stripe.com/jobs/search?gh_jid=7997542,2026-09-17T14:41:32-04:00
8053011,"Operations Manager, Stripe Delivery Centre",Bengaluru,https://stripe.com/jobs/search?gh_jid=8053011,2026-09-17T15:49:36-04:00
8203653,Operations Program Manager,Bengaluru,https://stripe.com/jobs/search?gh_jid=8203653,2026-09-24T08:19:56-04:00
8162189,Operations Recruiter,CDMX,https://stripe.com/jobs/search?gh_jid=8162189,2026-09-11T12:30:26-04:00
8096790,Partner Development Manager,Mexico,https://stripe.com/jobs/search?gh_jid=8096790,2026-09-10T13:11:58-04:00
8104427,Partner Development Manager,London,https://stripe.com/jobs/search?gh_jid=8104427,2026-09-10T13:11:58-04:00
8165269,"Partner Development Manager, AI Partnerships",San Francisco,https://stripe.com/jobs/search?gh_jid=8165269,2026-09-18T13:23:15-04:00
8165267,"Partner Development Manager, Alliances and Channels",US-Remote,https://stripe.com/jobs/search?gh_jid=8165267,2026-09-10T13:11:58-04:00
8187566,"Partner Development Manager, AMER Bank Partnerships",US-San Francisco; US-New York City; US-Seattle; US-Remote; US-Chicago,https://stripe.com/jobs/search?gh_jid=8187566,2026-09-22T12:58:25-04:00
7289456,Partner Development Manager (Banks),London - United Kingdom,https://stripe.com/jobs/search?gh_jid=7289456,2026-09-24T08:44:04-04:00
8143073,"Partner Development Manager, Global Money Management",US-NYC; US-San Francisco,https://stripe.com/jobs/search?gh_jid=8143073,2026-09-22T13:01:09-04:00
7677136,Partner Development Manager- Global Strategic Alliances,London,https://stripe.com/jobs/search?gh_jid=7677136,2026-09-24T13:04:02-04:00
7461966,"Partner Development Manager, Global Strategic Alliances",US-SF,https://stripe.com/jobs/search?gh_jid=7461966,2026-09-10T13:11:58-04:00
8090126,"Partner Development Manager, Link - Payments Partnerships",US-NYC; US-San Francisco; US-Seattle; US-Remote; US- Chicago; US-Atlanta; Canada-Toronto; Canada-Remote,https://stripe.com/jobs/search?gh_jid=8090126,2026-09-10T13:11:58-04:00
8139202,Partner Development Manager- Platforms,Dublin,https://stripe.com/jobs/search?gh_jid=8139202,2026-09-10T13:11:58-04:00
8094869,"Partner Development Manager, Strategic Partnerships",US-NYC; US-San Francisco; US-Seattle; US-Remote; US- Chicago; US-Atlanta; Canada-Toronto; Canada-Remote,https://stripe.com/jobs/search?gh_jid=8094869,2026-09-22T12:59:14-04:00
7973002,"Partner Development Manager, Strategic Partnerships",US-San Francisco; US-New York City; US-Seattle; US-Remote; US-Chicago; CA-Toronto; CA-Remote,https://stripe.com/jobs/search?gh_jid=7973002,2026-09-10T13:11:58-04:00
8155164,"Partner Development Manager, Strategic Payment Partnerships",US-San Francisco; US-New York City; US-Seattle; US-Remote; US-Chicago; CA-Toronto; CA-Remote,https://stripe.com/jobs/search?gh_jid=8155164,2026-09-10T13:11:58-04:00
8175661,"Partner Marketing Manager, Online & Regional Events",Seattle or San Francisco or Chicago or New York City or US-Remote,https://stripe.com/jobs/search?gh_jid=8175661,2026-09-24T22:42:30-04:00
8187570,Partner Marketing Operations Manager,Seattle,https://stripe.com/jobs/search?gh_jid=8187570,2026-09-14T16:32:06-04:00
8024033,"Partner Solutions Architect, AI Partnerships",N/A,https://stripe.com/jobs/search?gh_jid=8024033,2026-09-10T13:11:58-04:00
7927330,Partner Solutions Architect - Billing,USA ,https://stripe.com/jobs/search?gh_jid=7927330,2026-09-10T13:11:58-04:00
8140581,Partner Solutions Architect - Commerce Partners,"Chicago, Atlanta, Remote",https://stripe.com/jobs/search?gh_jid=8140581,2026-09-10T13:11:58-04:00
7927324,Partner Solutions Architect - LatAm,Mexico City,https://stripe.com/jobs/search?gh_jid=7927324,2026-09-10T13:11:58-04:00
8175651,Partner Solutions Architecture Manager,"NY, SF, Chicago, Remote",https://stripe.com/jobs/search?gh_jid=8175651,2026-09-11T16:05:26-04:00
8227563,"Partner Solutions Engineer, Operational Excellence",US-NYC; US-SF; US-Chicago; US-Atlanta; US-Seattle; US-Remote,https://stripe.com/jobs/search?gh_jid=8227563,2026-09-25T06:52:34-04:00
7554002,Payments Fraud Investigator,Ireland,https://stripe.com/jobs/search?gh_jid=7554002,2026-09-21T04:51:52-04:00
8155386,"Payments Performance Strategist, LATAM",CDMX,https://stripe.com/jobs/search?gh_jid=8155386,2026-09-10T22:48:51-04:00
8069694,People Analytics Analyst & Business Partner,"Dublin, London",https://stripe.com/jobs/search?gh_jid=8069694,2026-09-10T13:11:58-04:00
7866374,People Consultant,Chicago,https://stripe.com/jobs/search?gh_jid=7866374,2026-09-10T13:11:58-04:00
8049722,People Operations Associate (Centralized Operations),Mexico City,https://stripe.com/jobs/search?gh_jid=8049722,2026-09-22T15:12:02-04:00
8189015,"People Operations Specialist, HR Compliance",US-Remote,https://stripe.com/jobs/search?gh_jid=8189015,2026-09-23T11:35:49-04:00
8227572,People Operations Systems Administrator,Mexico City,https://stripe.com/jobs/search?gh_jid=8227572,2026-09-24T15:48:47-04:00
8196283,"People Operations Team Lead, Centralized Operations",Mexico City,https://stripe.com/jobs/search?gh_jid=8196283,2026-09-22T15:12:29-04:00
7704660,People Partner,"San Francisco, Seattle, New York, Chicago, Atlanta or Toronto",https://stripe.com/jobs/search?gh_jid=7704660,2026-09-22T20:32:35-04:00
7466921,"People Partner, Technology","San Francisco, Chicago, New York City or Seattle",https://stripe.com/jobs/search?gh_jid=7466921,2026-09-10T17:22:54-04:00
8039954,People Project Manager,"US-Remote, Atlanta, Chicago",https://stripe.com/jobs/search?gh_jid=8039954,2026-09-10T13:11:58-04:00
8178459,"PMM Lead, Executive Content & Experiences ","San Francisco, New York, Seattle, Chicago, Atlanta, Remote in the US",https://stripe.com/jobs/search?gh_jid=8178459,2026-09-18T16:12:12-04:00
7858811,Portfolio Pricing Strategist,US-Remote,https://stripe.com/jobs/search?gh_jid=7858811,2026-09-10T13:11:58-04:00
7728618,"Pre-Sales Solutions Architect, Billing",Remote,https://stripe.com/jobs/search?gh_jid=7728618,2026-09-16T23:30:36-04:00
7370967,"Pre-Sales Solutions Architect, Money Management","NYC, SF, Chi, Remote",https://stripe.com/jobs/search?gh_jid=7370967,2026-09-17T23:06:30-04:00
8187578,Pricing Strategist,"South San Francisco, New York City",https://stripe.com/jobs/search?gh_jid=8187578,2026-09-18T00:25:50-04:00
8094087,Privacy Operations Program Manager,"Dublin, London",https://stripe.com/jobs/search?gh_jid=8094087,2026-09-10T13:11:58-04:00
8177636,Processing cost Analyst,IN-Bengaluru,https://stripe.com/jobs/search?gh_jid=8177636,2026-09-10T13:11:58-04:00
8139998,"Product Analytics - Developer Experience, Bridge",N/A,https://stripe.com/jobs/search?gh_jid=8139998,2026-09-10T13:11:58-04:00
8089358,Product Communications: crypto products,SF,https://stripe.com/jobs/search?gh_jid=8089358,2026-09-10T13:11:58-04:00
8003129,Product Compliance and Enablement Manager,"London, Dublin",https://stripe.com/jobs/search?gh_jid=8003129,2026-09-10T13:11:58-04:00
7930151,"Product Counsel, Data Products",US remote,https://stripe.com/jobs/search?gh_jid=7930151,2026-09-10T13:11:58-04:00
8125473,Product Counsel (Money Movement Legal - APAC) ,Singapore,https://stripe.com/jobs/search?gh_jid=8125473,2026-09-10T13:11:58-04:00
8089069,Product Counsel - RevSuite/Startups,US remote,https://stripe.com/jobs/search?gh_jid=8089069,2026-09-23T16:08:58-04:00
7980578,Product Designer - Dashboard,US / Canada,https://stripe.com/jobs/search?gh_jid=7980578,2026-09-10T13:11:58-04:00
7983076,"Product Designer, Design Systems",Spain,https://stripe.com/jobs/search?gh_jid=7983076,2026-09-23T03:09:25-04:00
7861422,"Product Designer, Global",Ireland,https://stripe.com/jobs/search?gh_jid=7861422,2026-09-10T13:11:58-04:00
8164479,"Product Designer, Growth","New York, NY ",https://stripe.com/jobs/search?gh_jid=8164479,2026-09-10T13:11:58-04:00
7954207,"Product Designer, Internal Tools",US / Canada,https://stripe.com/jobs/search?gh_jid=7954207,2026-09-10T13:11:58-04:00
7954118,"Product Designer, Risk",Ireland / United Kingdom,https://stripe.com/jobs/search?gh_jid=7954118,2026-09-10T13:11:58-04:00
7663023,"Product Designer, Stablecoin",Canada,https://stripe.com/jobs/search?gh_jid=7663023,2026-09-10T13:11:58-04:00
7925550,"Product Designer, Terminal",Toronto,https://stripe.com/jobs/search?gh_jid=7925550,2026-09-10T13:11:58-04:00
8096726,"Product Design Manager, Global Payments",United Kingdom,https://stripe.com/jobs/search?gh_jid=8096726,2026-09-10T13:11:58-04:00
8014786,"Product Lead, Data Products","New York City, San Francisco ",https://stripe.com/jobs/search?gh_jid=8014786,2026-09-24T16:46:52-04:00
7869917,"Product Lead, Support Experience","Seattle, Washington, United States",https://stripe.com/jobs/search?gh_jid=7869917,2026-09-10T13:11:58-04:00
8186541,"Product Manager, Connected Account Onboarding Experiences","San Francisco, New-York, Seattle",https://stripe.com/jobs/search?gh_jid=8186541,2026-09-10T13:11:58-04:00
8195440,"Product Manager, Connect Growth & Monetization","Seattle, New-York, San Francisco",https://stripe.com/jobs/search?gh_jid=8195440,2026-09-14T10:46:02-04:00
8204227,"Product Manager - Developer Experience, Bridge",San Francisco Or New York,https://stripe.com/jobs/search?gh_jid=8204227,2026-09-22T20:09:25-04:00
7984866,"Product Manager, Ecosystem Risk",Toronto,https://stripe.com/jobs/search?gh_jid=7984866,2026-09-10T13:11:58-04:00
8041655,"Product Manager, E-Invoicing","Dublin, Ireland",https://stripe.com/jobs/search?gh_jid=8041655,2026-09-10T13:11:58-04:00
8203423,"Product Manager, Employee Experiences",N/A,https://stripe.com/jobs/search?gh_jid=8203423,2026-09-15T16:05:25-04:00
7994443,"Product Manager, Global Payouts",New York,https://stripe.com/jobs/search?gh_jid=7994443,2026-09-10T13:11:58-04:00
7586413,"Product Manager, Hardware","San Francisco, Seattle",https://stripe.com/jobs/search?gh_jid=7586413,2026-09-10T13:11:58-04:00
8165137,"Product Manager, Identity & Access Management","US-Remote, US-Chicago",https://stripe.com/jobs/search?gh_jid=8165137,2026-09-10T13:11:58-04:00
8223723,"Product Manager - Issuance, Bridge",San Francisco Or New York,https://stripe.com/jobs/search?gh_jid=8223723,2026-09-22T20:09:42-04:00
7392697,"Product Manager, Link - Consumer","SF, SEA, NY, Remote-US",https://stripe.com/jobs/search?gh_jid=7392697,2026-09-10T13:11:58-04:00
7981330,"Product Manager, Link - Local Payment Methods",USA,https://stripe.com/jobs/search?gh_jid=7981330,2026-09-10T13:11:58-04:00
8140438,"Product Manager, Mobile","New York City, Toronto, Chicago, or Remote",https://stripe.com/jobs/search?gh_jid=8140438,2026-09-10T13:11:58-04:00
7737124,Product Manager: New Grad Accelerator,"San Francisco, New York City, Seattle",https://stripe.com/jobs/search?gh_jid=7737124,2026-09-15T22:07:33-04:00
7176530,"Product Manager, Payments","SF, NY, SEA, Remote-US",https://stripe.com/jobs/search?gh_jid=7176530,2026-09-10T13:11:58-04:00
8176254,"Product Manager,  Startup Products","NYC, Chicago, Seattle, San Francisco",https://stripe.com/jobs/search?gh_jid=8176254,2026-09-11T08:19:17-04:00
8122188,"Product Manager, Strategic Apps",Seattle,https://stripe.com/jobs/search?gh_jid=8122188,2026-09-10T13:11:58-04:00
8143563,"Product Manager, Support Platform ","Dublin, Ireland ",https://stripe.com/jobs/search?gh_jid=8143563,2026-09-11T10:16:57-04:00
7983856,"Product Manager, Treasury for Platforms","Seattle, New-York, San Francisco",https://stripe.com/jobs/search?gh_jid=7983856,2026-09-10T13:11:58-04:00
7773461,"Product Marketing, Data Products",US / Canada,https://stripe.com/jobs/search?gh_jid=7773461,2026-09-10T13:11:58-04:00
8090203,"Product Marketing Lead, Billing",US / Canada,https://stripe.com/jobs/search?gh_jid=8090203,2026-09-10T13:11:58-04:00
6348471,Product Marketing Manager,"San Francisco, New York, Seattle, Chicago, Remote, Toronto",https://stripe.com/jobs/search?gh_jid=6348471,2026-09-10T13:11:58-04:00
8152994,"Product Marketing Manager, Bridge/Stablecoins","NYC, San Francisco, Seattle",https://stripe.com/jobs/search?gh_jid=8152994,2026-09-10T13:11:58-04:00
8014761,"Product Marketing Manager, Market Intelligence","SF, Seattle, NYC, Chicago, Toronto, Remote in the US",https://stripe.com/jobs/search?gh_jid=8014761,2026-09-10T13:11:58-04:00
8142770,"Product Marketing Manager, Payments","Remote in the US, Chicago, Toronto",https://stripe.com/jobs/search?gh_jid=8142770,2026-09-18T14:03:34-04:00
7832098,"Product Marketing Manager, Portfolio Pricing",United States,https://stripe.com/jobs/search?gh_jid=7832098,2026-09-10T13:11:58-04:00
7961101,"Product Marketing Manager, Radar","SF, NYC, Seattle, Remote",https://stripe.com/jobs/search?gh_jid=7961101,2026-09-10T13:11:58-04:00
8097731,"Product Marketing Manager, Startup Segment","San Francisco, Seattle, NYC, Chicago, Remote in the US, Toronto",https://stripe.com/jobs/search?gh_jid=8097731,2026-09-10T13:11:58-04:00
8163532,Product Operations Manager,"NYC, SF, Seattle, US",https://stripe.com/jobs/search?gh_jid=8163532,2026-09-22T18:21:26-04:00
8163193,Product Recruiter,Remote,https://stripe.com/jobs/search?gh_jid=8163193,2026-09-24T13:13:48-04:00
8179341,Product Sales Development Representative (Mandarin-speaking),Singapore,https://stripe.com/jobs/search?gh_jid=8179341,2026-09-24T10:05:49-04:00
7994063,Product Sales Enablement Business Partner,US-San Francisco,https://stripe.com/jobs/search?gh_jid=7994063,2026-09-10T13:11:58-04:00
8081423,Product Strategy & Operations APAC,Singapore,https://stripe.com/jobs/search?gh_jid=8081423,2026-09-10T13:11:58-04:00
8177640,Product Strategy & Operations - Global Product,"US-SF, US-Seattle, US-NYC, US-Atlanta, US-Chicago",https://stripe.com/jobs/search?gh_jid=8177640,2026-09-10T13:11:58-04:00
7975698,"Product Support Operations Associate, Weekend Shift",Bengaluru,https://stripe.com/jobs/search?gh_jid=7975698,2026-09-10T13:11:58-04:00
8148497,Product Support Specialist,Chicago,https://stripe.com/jobs/search?gh_jid=8148497,2026-09-24T15:24:37-04:00
8081754,"Program Manager, Card Network Office (Card Networks)","US-SF, US-NYC, US-Seattle, US-Remote",https://stripe.com/jobs/search?gh_jid=8081754,2026-09-10T13:11:58-04:00
7967356,"Program Manager, Commercial Solutions",Mexico City,https://stripe.com/jobs/search?gh_jid=7967356,2026-09-10T13:11:58-04:00
8175673,"Program Manager, Competitive Programs","SF, NYC, Seattle, Remote",https://stripe.com/jobs/search?gh_jid=8175673,2026-09-10T13:11:58-04:00
8181030,"Program Manager, Customer Advocacy & Programs","US-ATL, US-CHI, US-Remote",https://stripe.com/jobs/search?gh_jid=8181030,2026-09-17T18:12:16-04:00
8042309,"Program Manager, GTM Strategic Programs","US-Remote, Chicago",https://stripe.com/jobs/search?gh_jid=8042309,2026-09-10T13:11:58-04:00
8127890,"Program Manager, Performance and Talent Planning",US-Remote,https://stripe.com/jobs/search?gh_jid=8127890,2026-09-10T13:11:58-04:00
8209641,"Program Manager, Risk Operations GTM Enablement","Dublin, Ireland",https://stripe.com/jobs/search?gh_jid=8209641,2026-09-23T06:03:13-04:00
8158082,"Program Manager, Risk Operations GTM Enablement",United States,https://stripe.com/jobs/search?gh_jid=8158082,2026-09-11T12:42:20-04:00
8078131,"Program Manager, Security GRC",Remote,https://stripe.com/jobs/search?gh_jid=8078131,2026-09-10T13:11:58-04:00
8175644,"Project Manager, People Mergers & Acquisitions (M&A)","SF, SEA, NYC, US-Rem",https://stripe.com/jobs/search?gh_jid=8175644,2026-09-11T20:20:25-04:00
8077547,"Project Manager, Total Rewards","CHI, ATL, US-REM",https://stripe.com/jobs/search?gh_jid=8077547,2026-09-10T13:11:58-04:00
8047395,"Project Manager, Treasury Finance",NYC,https://stripe.com/jobs/search?gh_jid=8047395,2026-09-10T16:36:42-04:00
8142077,Recruiting Project Manager,"CHI, ATL",https://stripe.com/jobs/search?gh_jid=8142077,2026-09-10T13:11:58-04:00
7650177,"Regulatory Reporting Program Manager, Stablecoin","SEA, SF, NYC, CHI",https://stripe.com/jobs/search?gh_jid=7650177,2026-09-10T13:11:58-04:00
7230921,Risk Operations Analyst,Remote,https://stripe.com/jobs/search?gh_jid=7230921,2026-09-17T15:22:59-04:00
7974211,"Risk Operations Analyst, Financial Crimes","Dublin, Ireland",https://stripe.com/jobs/search?gh_jid=7974211,2026-09-10T13:11:58-04:00
8175824,Risk Operations Analyst - SSO ,Remote ,https://stripe.com/jobs/search?gh_jid=8175824,2026-09-22T16:19:21-04:00
8115908,Risk Operations Associate,Mexico CIty,https://stripe.com/jobs/search?gh_jid=8115908,2026-09-10T13:11:58-04:00
8158090,"Risk Operations Associate, Partner Risk Operations (CDMX)",Mexico City,https://stripe.com/jobs/search?gh_jid=8158090,2026-09-10T13:11:58-04:00
8069629,"Risk Operations Manager, Verifications",Mexico City,https://stripe.com/jobs/search?gh_jid=8069629,2026-09-10T13:11:58-04:00
8178563,"Risk Partnerships Manager, Banks & Treasury","London, Dublin, UK-Remote",https://stripe.com/jobs/search?gh_jid=8178563,2026-09-21T14:55:54-04:00
8078333,"Risk Partnerships Manager, Stablecoin",US-San Francisco; US-NYC; US-Seattle; US-Remote; US-Chicago; US-Atlanta,https://stripe.com/jobs/search?gh_jid=8078333,2026-09-10T13:11:58-04:00
7862938,Sales Compensation Design Lead,Dublin,https://stripe.com/jobs/search?gh_jid=7862938,2026-09-10T13:11:58-04:00
6470774,Sales Development Representative,Bangalore,https://stripe.com/jobs/search?gh_jid=6470774,2026-09-10T13:11:58-04:00
6570253,Sales Development Representative,"Chicago, Illinois",https://stripe.com/jobs/search?gh_jid=6570253,2026-09-10T13:11:58-04:00
8074892,"Sales Development Representative, AUNZ",Sydney,https://stripe.com/jobs/search?gh_jid=8074892,2026-09-10T13:11:58-04:00
6570259,Sales Development Representative (German fluency) ,Dublin,https://stripe.com/jobs/search?gh_jid=6570259,2026-09-10T13:11:58-04:00
8148731,"Sales Development Representative, Japan",Tokyo,https://stripe.com/jobs/search?gh_jid=8148731,2026-09-10T13:11:58-04:00
8123400,Sales Development Representative (Mandarin-speaking),Singapore,https://stripe.com/jobs/search?gh_jid=8123400,2026-09-10T13:11:58-04:00
7368924,"Sales Manager, Account Executives - Startups (Grower)",New York,https://stripe.com/jobs/search?gh_jid=7368924,2026-09-10T13:11:58-04:00
8191722,"Sales Manager, Commercial (Grower)",Chicago,https://stripe.com/jobs/search?gh_jid=8191722,2026-09-23T13:36:41-04:00
8191710,"Sales Manager, Commercial Grower (Healthcare)",Chicago,https://stripe.com/jobs/search?gh_jid=8191710,2026-09-23T13:36:45-04:00
8191716,"Sales Manager, Commercial (Hunter)",Chicago,https://stripe.com/jobs/search?gh_jid=8191716,2026-09-23T13:36:34-04:00
8174158,"Sales Manager, Enterprise",Sydney,https://stripe.com/jobs/search?gh_jid=8174158,2026-09-10T13:11:58-04:00
8176724,"Sales Manager, Enterprise CEE","Warsaw, Poland",https://stripe.com/jobs/search?gh_jid=8176724,2026-09-13T06:33:37-04:00
8176726,"Sales Manager, Enterprise, DACH",Berlin,https://stripe.com/jobs/search?gh_jid=8176726,2026-09-23T13:07:32-04:00
8176737,"Sales Manager, Enterprise (Grower)",Paris,https://stripe.com/jobs/search?gh_jid=8176737,2026-09-17T10:13:56-04:00
8191714,"Sales Manager, Enterprise - Growth",US-Chicago,https://stripe.com/jobs/search?gh_jid=8191714,2026-09-15T15:27:20-04:00
8191718,"Sales Manager, Enterprise - Hunter",US-Chicago,https://stripe.com/jobs/search?gh_jid=8191718,2026-09-15T15:29:53-04:00
8191704,"Sales Manager, Enterprise - LATAM","Mexico City, Mexico",https://stripe.com/jobs/search?gh_jid=8191704,2026-09-17T13:11:32-04:00
8155376,"Sales Manager, Enterprise Platforms, Grower (Tier 1)","New York, NY",https://stripe.com/jobs/search?gh_jid=8155376,2026-09-23T20:31:30-04:00
8155378,"Sales Manager, Enterprise Platforms, Hunter Team","New York, NY",https://stripe.com/jobs/search?gh_jid=8155378,2026-09-10T13:11:58-04:00
8125729,"Sales Manager, Funded Startups",Berlin,https://stripe.com/jobs/search?gh_jid=8125729,2026-09-10T13:11:58-04:00
8174150,Sales Manager (Greater China),Singapore,https://stripe.com/jobs/search?gh_jid=8174150,2026-09-10T13:11:58-04:00
8191720,"Sales Manager, Key Accounts - Enterprise","San Francisco, CA",https://stripe.com/jobs/search?gh_jid=8191720,2026-09-14T11:40:24-04:00
8181036,"Sales Manager, Product- Fraud & Risk","San Francisco, NYC, Seattle, Chicago, Remote",https://stripe.com/jobs/search?gh_jid=8181036,2026-09-16T13:16:33-04:00
8070701,"Sales Manager, Product - Issuing & Treasury","NYC, SF",https://stripe.com/jobs/search?gh_jid=8070701,2026-09-12T00:28:20-04:00
8176728,"Sales Manager, SMB",Dublin,https://stripe.com/jobs/search?gh_jid=8176728,2026-09-16T11:59:54-04:00
8176730,"Sales Manager, SMB (German Speaker)","Dublin, Ireland",https://stripe.com/jobs/search?gh_jid=8176730,2026-09-18T07:43:07-04:00
8112959,"Sales Manager, SMB (Hunter)",Chicago,https://stripe.com/jobs/search?gh_jid=8112959,2026-09-23T13:36:37-04:00
8141677,"Sales Manager, SoEU, SMB",Dublin,https://stripe.com/jobs/search?gh_jid=8141677,2026-09-16T11:30:45-04:00
8191706,"Sales Manager, Startups - Hunter ",Chicago,https://stripe.com/jobs/search?gh_jid=8191706,2026-09-17T14:04:16-04:00
8190052,"Sales Manager, Velocity (Canada)",CA-Toronto,https://stripe.com/jobs/search?gh_jid=8190052,2026-09-24T19:34:55-04:00
8184893,"Sales Program Manager, APAC",Singapore,https://stripe.com/jobs/search?gh_jid=8184893,2026-09-10T13:46:26-04:00
8212667,"Sales Strategy and Operations, M&A","South San Francisco, CA",https://stripe.com/jobs/search?gh_jid=8212667,2026-09-22T18:52:27-04:00
8164674,Sales Strategy & Operations Analyst ,Chicago,https://stripe.com/jobs/search?gh_jid=8164674,2026-09-10T13:11:58-04:00
7944515,Sales Strategy & Operations Business Partner,San Francisco,https://stripe.com/jobs/search?gh_jid=7944515,2026-09-16T17:39:29-04:00
8106775,Sales Strategy & Operations Business Partner,Sydney,https://stripe.com/jobs/search?gh_jid=8106775,2026-09-19T13:33:34-04:00
8089882,Sales Strategy & Operations Business Partner,"(San Francisco, Chicago, NYC)",https://stripe.com/jobs/search?gh_jid=8089882,2026-09-10T13:11:58-04:00
8017084,"Sanctions, Operations Associate(CDMX)",Mexico City,https://stripe.com/jobs/search?gh_jid=8017084,2026-09-10T13:11:58-04:00
8175627,Scale Partner Marketing Lead,"San Francisco, Seattle, New York, Chicago, Atlanta, Remote in the US",https://stripe.com/jobs/search?gh_jid=8175627,2026-09-17T20:23:17-04:00
8174138,SDC Business Recruiter (Fixed Term Contract),Singapore,https://stripe.com/jobs/search?gh_jid=8174138,2026-09-14T05:27:16-04:00
8056309,"SDC Manager, GTM Accelerate",Mexico City,https://stripe.com/jobs/search?gh_jid=8056309,2026-09-10T13:11:58-04:00
8174965,Security Engineer ,US Remote ,https://stripe.com/jobs/search?gh_jid=8174965,2026-09-24T13:34:24-04:00
8174984,"Security Engineer, ACE","Dublin, Ireland",https://stripe.com/jobs/search?gh_jid=8174984,2026-09-18T10:43:59-04:00
7776179,"Security Engineer, Bridge","SF, New York, Seattle",https://stripe.com/jobs/search?gh_jid=7776179,2026-09-17T11:26:28-04:00
8073092,"Security Engineer, Privy",NYC-Privy,https://stripe.com/jobs/search?gh_jid=8073092,2026-09-10T13:11:58-04:00
7820898,Security Engineer - Proactive Threat,Ireland,https://stripe.com/jobs/search?gh_jid=7820898,2026-09-17T14:13:32-04:00
8172497,"Security Incident Response Manager, Abuse Operations","Seattle, SF, NYC, Chicago, Atlanta, Remote in the US",https://stripe.com/jobs/search?gh_jid=8172497,2026-09-10T13:11:58-04:00
8175820,Seller Systems Team Lead (Night Shift),Bengaluru,https://stripe.com/jobs/search?gh_jid=8175820,2026-09-11T12:09:02-04:00
8131129,"Senior Brand Designer, Experiential",US,https://stripe.com/jobs/search?gh_jid=8131129,2026-09-10T13:11:58-04:00
8172672,"Senior Brand Designer, Link",US,https://stripe.com/jobs/search?gh_jid=8172672,2026-09-10T13:11:58-04:00
7793636,"Senior Designer, Brand Advertising",US,https://stripe.com/jobs/search?gh_jid=7793636,2026-09-10T13:11:58-04:00
8167556,Senior Leadership Recruiter ,"Seattle, Washington",https://stripe.com/jobs/search?gh_jid=8167556,2026-09-10T13:11:58-04:00
8170920,Senior Mechanical and Industrial Design Engineer,"Taipei,Taiwan",https://stripe.com/jobs/search?gh_jid=8170920,2026-09-11T08:54:21-04:00
7812856,"Senior Product Manager, Enterprise","San Francisco, Seattle, New York, Chicago, Atlanta, Remote",https://stripe.com/jobs/search?gh_jid=7812856,2026-09-21T13:05:54-04:00
8175099,Senior Software Engineer,"South San Francisco, CA",https://stripe.com/jobs/search?gh_jid=8175099,2026-09-10T13:11:58-04:00
8230952,"Senior Software Engineer, Backend","Seattle, WA",https://stripe.com/jobs/search?gh_jid=8230952,2026-09-24T12:53:45-04:00
8177860,"Senior Software Engineer, Docs Product","New York, NY",https://stripe.com/jobs/search?gh_jid=8177860,2026-09-10T13:11:58-04:00
8194328,"Senior Software Engineer, Product Velocity","Seattle, WA",https://stripe.com/jobs/search?gh_jid=8194328,2026-09-10T20:19:20-04:00
8128499,"Senior Staff Product Designer, Data & AI",US / Canada,https://stripe.com/jobs/search?gh_jid=8128499,2026-09-10T13:11:58-04:00
8031782,"Senior Staff Product Designer, Risk",US Remote,https://stripe.com/jobs/search?gh_jid=8031782,2026-09-10T13:11:58-04:00
7746721,"Senior Staff Software Engineer, Stripe Dashboard",Seattle,https://stripe.com/jobs/search?gh_jid=7746721,2026-09-17T13:41:58-04:00
8120501,"Senior Workday Analyst, Payroll ",US-REM,https://stripe.com/jobs/search?gh_jid=8120501,2026-09-10T13:11:58-04:00
8099216,Services Consultant - Scaled Professional Services (SEA/GCN),Singapore,https://stripe.com/jobs/search?gh_jid=8099216,2026-09-16T23:55:27-04:00
7373865,"Short-form Video & Social, Community Comms","SF, NYC",https://stripe.com/jobs/search?gh_jid=7373865,2026-09-10T13:11:58-04:00
7962437,"Social Media, Customer Support Associate",Bengaluru,https://stripe.com/jobs/search?gh_jid=7962437,2026-09-10T13:11:58-04:00
7867328,"Social Media, Customer Support Associate (Includes Weekend Rotations)",Mexico,https://stripe.com/jobs/search?gh_jid=7867328,2026-09-10T13:11:58-04:00
8137972,Software Engineer,"Chicago, IL",https://stripe.com/jobs/search?gh_jid=8137972,2026-09-10T13:11:58-04:00
8174105,Software Engineer,"Seattle, WA",https://stripe.com/jobs/search?gh_jid=8174105,2026-09-10T13:11:58-04:00
8198280,"Software Engineer, Backend","Seattle, WA",https://stripe.com/jobs/search?gh_jid=8198280,2026-09-14T18:11:13-04:00
8127182,"Software Engineer, Billing Platform","San Francisco, New York City, Seattle, Chicago, US-Remote",https://stripe.com/jobs/search?gh_jid=8127182,2026-09-24T13:48:03-04:00
7277110,"Software Engineer, Bridge","San Francisco, NY, Seattle",https://stripe.com/jobs/search?gh_jid=7277110,2026-09-10T13:11:58-04:00
8078337,"Software Engineer, Connect Tax Reporting","Bucharest, Romania",https://stripe.com/jobs/search?gh_jid=8078337,2026-09-10T13:11:58-04:00
7975725,"Software Engineer, Core Infrastructure","Sydney, Australia",https://stripe.com/jobs/search?gh_jid=7975725,2026-09-24T00:19:23-04:00
7230670,"Software Engineer, Data Orchestration",N/A,https://stripe.com/jobs/search?gh_jid=7230670,2026-09-10T13:11:58-04:00
8212517,"Software Engineer, Early Career — Immediate Start",Toronto,https://stripe.com/jobs/search?gh_jid=8212517,2026-09-17T19:35:28-04:00
8212508,"Software Engineer, Early Career — Immediate Start","San Francisco, Seattle, New York",https://stripe.com/jobs/search?gh_jid=8212508,2026-09-17T19:28:54-04:00
8197135,"Software Engineer, High Availability and Disaster Recovery","Seattle, WA",https://stripe.com/jobs/search?gh_jid=8197135,2026-09-14T17:21:04-04:00
8130883,"Software Engineer, Intern",Singapore,https://stripe.com/jobs/search?gh_jid=8130883,2026-09-22T15:14:03-04:00
8031833,"Software Engineer, Intern",Bengaluru,https://stripe.com/jobs/search?gh_jid=8031833,2026-09-10T13:11:58-04:00
8130867,"Software Engineer, Intern",London,https://stripe.com/jobs/search?gh_jid=8130867,2026-09-10T13:11:58-04:00
8130807,"Software Engineer, Intern ",Bucharest,https://stripe.com/jobs/search?gh_jid=8130807,2026-09-10T13:11:58-04:00
7543868,"Software Engineer, Internal Systems","Bengaluru, India",https://stripe.com/jobs/search?gh_jid=7543868,2026-09-10T13:11:58-04:00
8130805,"Software Engineer, Intern (Summer or Winter)",Toronto,https://stripe.com/jobs/search?gh_jid=8130805,2026-09-10T13:11:58-04:00
8128745,"Software Engineer, Intern (Summer or Winter)","San Francisco, Seattle, New York City",https://stripe.com/jobs/search?gh_jid=8128745,2026-09-10T13:11:58-04:00
8097801,"Software Engineer, Intern (Summer or Winter)",Dublin,https://stripe.com/jobs/search?gh_jid=8097801,2026-09-10T13:11:58-04:00
7208537,"Software Engineer, Money Movement ",London,https://stripe.com/jobs/search?gh_jid=7208537,2026-09-10T13:11:58-04:00
8130881,"Software Engineer, New Grad",Dublin,https://stripe.com/jobs/search?gh_jid=8130881,2026-09-10T13:11:58-04:00
8130922,"Software Engineer, New Grad",Bucharest,https://stripe.com/jobs/search?gh_jid=8130922,2026-09-10T13:11:58-04:00
8130930,"Software Engineer, New Grad",London,https://stripe.com/jobs/search?gh_jid=8130930,2026-09-10T13:11:58-04:00
8157838,"Software Engineer, New Grad",Toronto,https://stripe.com/jobs/search?gh_jid=8157838,2026-09-17T19:34:47-04:00
8128744,"Software Engineer, New Grad","San Francisco, Seattle, New York",https://stripe.com/jobs/search?gh_jid=8128744,2026-09-17T19:06:55-04:00
8160776,"Software Engineer, New Grad",Singapore,https://stripe.com/jobs/search?gh_jid=8160776,2026-09-10T13:11:58-04:00
8130927,"Software Engineer, New Grad - Frontend",Barcelona,https://stripe.com/jobs/search?gh_jid=8130927,2026-09-10T13:11:58-04:00
8197891,"Software Engineer, Online Database Infrastructure","Seattle, WA",https://stripe.com/jobs/search?gh_jid=8197891,2026-09-11T16:59:16-04:00
8198207,"Software Engineer, Payins Card Networks","Seattle, WA",https://stripe.com/jobs/search?gh_jid=8198207,2026-09-14T17:46:08-04:00
7529787,"Software Engineer, Payments",Singapore,https://stripe.com/jobs/search?gh_jid=7529787,2026-09-10T13:11:58-04:00
6717520,"Software Engineer, Payments and Risk","Dublin, Ireland",https://stripe.com/jobs/search?gh_jid=6717520,2026-09-23T06:02:25-04:00
7761694,"Software Engineer, Product Security Data Platforms",Seattle,https://stripe.com/jobs/search?gh_jid=7761694,2026-09-10T13:11:58-04:00
7396679,"Software Engineer, Secrets Infrastructure",na,https://stripe.com/jobs/search?gh_jid=7396679,2026-09-10T13:11:58-04:00
7507904,"Software Engineer - Smart Contract, Bridge",San Francisco or New York,https://stripe.com/jobs/search?gh_jid=7507904,2026-09-10T13:11:58-04:00
8209970,"Software Engineer, Stripe Data Pipeline",Bangalore,https://stripe.com/jobs/search?gh_jid=8209970,2026-09-21T07:18:26-04:00
8076626,"Software Engineer, Stripe Tax ","Dublin, Ireland",https://stripe.com/jobs/search?gh_jid=8076626,2026-09-10T13:11:58-04:00
8089353,"Software Engineer, Vulnerability Management",US - Remote,https://stripe.com/jobs/search?gh_jid=8089353,2026-09-10T13:11:58-04:00
8153331,Software Quality Assurance Engineer,"Taipei,Taiwan",https://stripe.com/jobs/search?gh_jid=8153331,2026-09-10T13:11:58-04:00
8144264,"Solutions Architect, Commercial, UK/I",Dublin,https://stripe.com/jobs/search?gh_jid=8144264,2026-09-10T13:11:58-04:00
8092652,"Solutions Architect, Enterprise (French Speaking)",N/A,https://stripe.com/jobs/search?gh_jid=8092652,2026-09-10T13:11:58-04:00
8175663,"Solutions Architect, Enterprise Hunter (Presales)","San Francisco, CA",https://stripe.com/jobs/search?gh_jid=8175663,2026-09-10T13:11:58-04:00
8144185,"Solutions Architect, Enterprise (Presales)","San Francisco, CA, Chicago, IL, New York, NY",https://stripe.com/jobs/search?gh_jid=8144185,2026-09-10T13:11:58-04:00
7882492,"Solutions Architect, Enterprise, UK ","London, UK",https://stripe.com/jobs/search?gh_jid=7882492,2026-09-10T13:11:58-04:00
8144223,Solutions Architect (Greater China),Singapore,https://stripe.com/jobs/search?gh_jid=8144223,2026-09-10T13:11:58-04:00
8042913,Solutions Architect (India),Bengaluru,https://stripe.com/jobs/search?gh_jid=8042913,2026-09-10T13:11:58-04:00
8144233,"Solutions Architect, (Italian fluency) ",LOCATION,https://stripe.com/jobs/search?gh_jid=8144233,2026-09-21T12:15:16-04:00
8168813,"Solutions Architect, Metronome (AI Native)",London,https://stripe.com/jobs/search?gh_jid=8168813,2026-09-10T13:11:58-04:00
8179419,"Solutions Architect, Metronome (Startups)",London,https://stripe.com/jobs/search?gh_jid=8179419,2026-09-10T13:11:58-04:00
8144212,"Solutions Architect, Platforms (Presales)",Chicago or NYC,https://stripe.com/jobs/search?gh_jid=8144212,2026-09-14T15:29:18-04:00
8152145,"Solutions Architect, SMB (Presales)",NYC or Remote,https://stripe.com/jobs/search?gh_jid=8152145,2026-09-14T15:29:35-04:00
8168151,"Solutions Consultant, Enterprise (Presales)","San Francisco, CA, Chicago, IL, New York, NY",https://stripe.com/jobs/search?gh_jid=8168151,2026-09-10T13:11:58-04:00
7120766,"Specialist Solutions Architect, Crypto & Stablecoins",US-NY,https://stripe.com/jobs/search?gh_jid=7120766,2026-09-10T13:11:58-04:00
8144262,"Specialist Solutions Architect, Data","SF, NY, Remote",https://stripe.com/jobs/search?gh_jid=8144262,2026-09-10T13:11:58-04:00
8119967,"Specialist Solutions Architect, Payments","London, Dublin",https://stripe.com/jobs/search?gh_jid=8119967,2026-09-10T13:11:58-04:00
8119970,"Specialist Solutions Architect, Payments ",Singapore,https://stripe.com/jobs/search?gh_jid=8119970,2026-09-10T13:11:58-04:00
7365914,"Specialist Solutions Architect, Radar (Fraud/Risk)",NY or SF,https://stripe.com/jobs/search?gh_jid=7365914,2026-09-22T22:29:15-04:00
8090244,"Specialist Solutions Architect, Tax","Chicago, Atlanta, Remote",https://stripe.com/jobs/search?gh_jid=8090244,2026-09-10T13:11:58-04:00
7716032,Staff Backend Engineer - API Platform,Dublin,https://stripe.com/jobs/search?gh_jid=7716032,2026-09-21T03:09:20-04:00
8089815,Staff Backend Engineer - CI Services  ,Dublin,https://stripe.com/jobs/search?gh_jid=8089815,2026-09-10T13:11:58-04:00
8035723,"Staff Backend Engineer, Datalake Platform",Dublin ,https://stripe.com/jobs/search?gh_jid=8035723,2026-09-10T13:11:58-04:00
7921649,Staff Data Analyst,US,https://stripe.com/jobs/search?gh_jid=7921649,2026-09-10T13:11:58-04:00
8044839,"Staff Data Scientist, Security",n/a,https://stripe.com/jobs/search?gh_jid=8044839,2026-09-10T13:11:58-04:00
8070949,"Staff Engineer, Core Infrastructure","Bengaluru, India",https://stripe.com/jobs/search?gh_jid=8070949,2026-09-10T13:11:58-04:00
8185014,"Staff Engineer, Payments",Bengaluru,https://stripe.com/jobs/search?gh_jid=8185014,2026-09-21T13:04:24-04:00
8090473,"Staff Engineer, Revenue & Finance Automation",Bengaluru,https://stripe.com/jobs/search?gh_jid=8090473,2026-09-10T13:11:58-04:00
8162185,"Staff Engineer, Support Experiences",Bengaluru,https://stripe.com/jobs/search?gh_jid=8162185,2026-09-10T13:11:58-04:00
8113221,"Staff Fullstack Engineer, User Auth Experience",Canada,https://stripe.com/jobs/search?gh_jid=8113221,2026-09-10T13:11:58-04:00
8148653,"Staff Machine Learning Engineer, Financial Connections",New York,https://stripe.com/jobs/search?gh_jid=8148653,2026-09-10T13:11:58-04:00
7202630,"Staff Product Designer, Link",NYC,https://stripe.com/jobs/search?gh_jid=7202630,2026-09-10T13:11:58-04:00
8226893,"Staff Product Manager, Agentic Commerce","Seattle, San Francisco, New York",https://stripe.com/jobs/search?gh_jid=8226893,2026-09-23T13:26:36-04:00
7655023,"Staff Product Manager, AI","San Francisco, Seattle, New York, Chicago",https://stripe.com/jobs/search?gh_jid=7655023,2026-09-10T13:11:58-04:00
7983725,"Staff Product Manager, Billing ","SF, NY, SEA, Remote-US",https://stripe.com/jobs/search?gh_jid=7983725,2026-09-10T13:11:58-04:00
8065034,"Staff Product Manager, Connect",N/A,https://stripe.com/jobs/search?gh_jid=8065034,2026-09-14T10:46:31-04:00
7913702,"Staff Product Manager, Dashboard","San Francisco, Seattle, NYC, Chicago, Atlanta, US Remote",https://stripe.com/jobs/search?gh_jid=7913702,2026-09-24T10:17:16-04:00
8043083,"Staff Product Manager, Issuing",London,https://stripe.com/jobs/search?gh_jid=8043083,2026-09-10T13:11:58-04:00
8142649,"Staff Product Manager, Local Payment Methods Growth",London,https://stripe.com/jobs/search?gh_jid=8142649,2026-09-10T13:11:58-04:00
7737526,"Staff Product Manager, Local Payment Methods Growth",Dublin,https://stripe.com/jobs/search?gh_jid=7737526,2026-09-10T13:11:58-04:00
7517535,"Staff Product Manager, ML Foundations and GenAI","Seattle, San Francisco, New York, US - Remote",https://stripe.com/jobs/search?gh_jid=7517535,2026-09-10T13:11:58-04:00
7819059,"Staff Product Manager, Payments","SF, SEA, NYC, Remote",https://stripe.com/jobs/search?gh_jid=7819059,2026-09-10T13:11:58-04:00
8209996,"Staff Product Manager, Payments Intelligence","NYC, SF, Seattle, US - Remote",https://stripe.com/jobs/search?gh_jid=8209996,2026-09-21T08:39:58-04:00
7913698,"Staff Product Manager, Sail Core","New York, US - Remote, Toronto",https://stripe.com/jobs/search?gh_jid=7913698,2026-09-18T12:35:02-04:00
8124304,"Staff Product Manager, Stripe Tax","Dublin, Ireland",https://stripe.com/jobs/search?gh_jid=8124304,2026-09-10T13:11:58-04:00
7920219,"Staff Product Manager, Support Experience","San Francisco, California, United States",https://stripe.com/jobs/search?gh_jid=7920219,2026-09-10T13:11:58-04:00
8127894,"Staff Program Manager, Event Design",US,https://stripe.com/jobs/search?gh_jid=8127894,2026-09-10T13:11:58-04:00
8174963,"Staff Security Engineer, Abuse Control",Dublin,https://stripe.com/jobs/search?gh_jid=8174963,2026-09-17T11:40:18-04:00
8211180,"Staff Security Engineer, Abuse Control",London,https://stripe.com/jobs/search?gh_jid=8211180,2026-09-17T11:41:16-04:00
8055701,"Staff Software Engineer, API Platform","San Francisco, Seattle",https://stripe.com/jobs/search?gh_jid=8055701,2026-09-10T13:11:58-04:00
8076151,"Staff Software Engineer, Dashboard Product",San Francisco,https://stripe.com/jobs/search?gh_jid=8076151,2026-09-10T13:11:58-04:00
8038771,"Staff Software Engineer, Deployment Platform",Seattle,https://stripe.com/jobs/search?gh_jid=8038771,2026-09-10T13:11:58-04:00
8120494,"Staff Software Engineer, Financial Crimes",Toronto,https://stripe.com/jobs/search?gh_jid=8120494,2026-09-10T13:11:58-04:00
7369269,"Staff Software Engineer, Issuing ","NYC, SEA, San Francisco",https://stripe.com/jobs/search?gh_jid=7369269,2026-09-10T13:11:58-04:00
8082847,"Staff Software Engineer, Link",N/A,https://stripe.com/jobs/search?gh_jid=8082847,2026-09-10T13:11:58-04:00
7712852,"Staff Software Engineer, Machine Learning Platform",Toronto,https://stripe.com/jobs/search?gh_jid=7712852,2026-09-10T13:11:58-04:00
7939868,"Staff Software Engineer, Machine Learning Platform","San Francisco, Seattle",https://stripe.com/jobs/search?gh_jid=7939868,2026-09-10T13:11:58-04:00
8177513,"Staff Software Engineer, Money Movement Platform","SEA, San Francisco",https://stripe.com/jobs/search?gh_jid=8177513,2026-09-24T13:07:46-04:00
7986004,"Staff Software Engineer, Payments Intelligence","Seattle, New York, San Francisco",https://stripe.com/jobs/search?gh_jid=7986004,2026-09-10T13:11:58-04:00
8172164,"Staff Software Engineer, Payment Systems","Seattle, New York, San Francisco",https://stripe.com/jobs/search?gh_jid=8172164,2026-09-10T13:11:58-04:00
8112043,"Staff Software Engineer, Risk Data Engineering",Toronto,https://stripe.com/jobs/search?gh_jid=8112043,2026-09-21T10:21:21-04:00
8090141,"Staff Software Engineer, Service Infrastructure",AMER,https://stripe.com/jobs/search?gh_jid=8090141,2026-09-10T13:11:58-04:00
8146271,"Staff Software Engineer, Startup Products",N/A,https://stripe.com/jobs/search?gh_jid=8146271,2026-09-23T13:10:10-04:00
8171539,"Staff Software Engineer, Storage Abstractions","San Francisco, Seattle",https://stripe.com/jobs/search?gh_jid=8171539,2026-09-10T13:11:58-04:00
8181026,Startup Partnerships - Y Combinator ,San Francisco,https://stripe.com/jobs/search?gh_jid=8181026,2026-09-17T13:59:36-04:00
8210226,"Startups Sales Manager, Platform Partnerships","Chicago, IL; New York, NY; San Francisco, CA",https://stripe.com/jobs/search?gh_jid=8210226,2026-09-22T19:50:35-04:00
8194397,"Strategic Account Executive, AI Sales","San Francisco, CA",https://stripe.com/jobs/search?gh_jid=8194397,2026-09-15T19:59:30-04:00
8129954,"Strategic Account Executive, Platforms",London,https://stripe.com/jobs/search?gh_jid=8129954,2026-09-10T13:11:58-04:00
8212325,"Strategic Accounts Sales Leader, AI GTM",San Francisco; New York,https://stripe.com/jobs/search?gh_jid=8212325,2026-09-18T12:16:00-04:00
8155580,"Strategic Business Performance, Central Strategy & Operations","US-Chicago, US-Remote, US-Seattle, US-San Francisco",https://stripe.com/jobs/search?gh_jid=8155580,2026-09-10T13:11:58-04:00
8168554,Strategic Capacity Planning Specialist,Dublin,https://stripe.com/jobs/search?gh_jid=8168554,2026-09-24T06:15:41-04:00
8165853,Strategic Payment Advisors Lead - APAC,Sydney Or Melbourne,https://stripe.com/jobs/search?gh_jid=8165853,2026-09-10T13:11:58-04:00
8072213,"Strategic Sourcing Manager, Tech & Product","SF, NYC, SEA",https://stripe.com/jobs/search?gh_jid=8072213,2026-09-10T13:11:58-04:00
8171928,"Strategy and Operations Business Partner, Global Payments Performance",Chicago,https://stripe.com/jobs/search?gh_jid=8171928,2026-09-10T13:11:58-04:00
8044391,"Strategy and Operations Lead, Deal Pricing","New York City, Washington DC, Remote",https://stripe.com/jobs/search?gh_jid=8044391,2026-09-10T13:11:58-04:00
8171095,"Strategy & Operations, Infrastructure",Remote US,https://stripe.com/jobs/search?gh_jid=8171095,2026-09-14T14:36:11-04:00
8199596,"Strategy & Operations, Risk","US-SF, US-SEA",https://stripe.com/jobs/search?gh_jid=8199596,2026-09-14T14:46:55-04:00
8053933,"Strategy & Ops, Enterprise",San Francisco,https://stripe.com/jobs/search?gh_jid=8053933,2026-09-10T13:11:58-04:00
8139711,Strategy & Transformation Advisor (Enterprise Commerce Architecture),San Francisco or Seattle,https://stripe.com/jobs/search?gh_jid=8139711,2026-09-10T13:11:58-04:00
8162819,"Support Operations, Privy",NYC,https://stripe.com/jobs/search?gh_jid=8162819,2026-09-10T13:11:58-04:00
8023524,Technical Account Manager,Mexico City,https://stripe.com/jobs/search?gh_jid=8023524,2026-09-10T13:11:58-04:00
8044158,Technical Account Manager,Sydney,https://stripe.com/jobs/search?gh_jid=8044158,2026-09-10T13:11:58-04:00
7918088,"Technical Account Manager, AI User Segment","San Francisco, CA",https://stripe.com/jobs/search?gh_jid=7918088,2026-09-10T13:11:58-04:00
8142304,"Technical Account Manager, Billing",San Francisco,https://stripe.com/jobs/search?gh_jid=8142304,2026-09-10T13:11:58-04:00
7955056,Technical Account Manager - GCN,Singapore,https://stripe.com/jobs/search?gh_jid=7955056,2026-09-24T04:50:36-04:00
8160699,"Technical Account Manager, Platform",San Francisco,https://stripe.com/jobs/search?gh_jid=8160699,2026-09-23T11:59:16-04:00
8171297,Technical Program Manager,"South San Francisco, CA",https://stripe.com/jobs/search?gh_jid=8171297,2026-09-10T13:11:58-04:00
7778643,"Technical Program Manager,  Extensibility ","Remote in the US, Chicago, Atlanta",https://stripe.com/jobs/search?gh_jid=7778643,2026-09-22T15:54:18-04:00
8114397,"Technical Program Manager, Extensibility ","Toronto, Remote Canada ",https://stripe.com/jobs/search?gh_jid=8114397,2026-09-22T10:51:28-04:00
8126047,"Technical Program Manager, Infrastructure","South San Francisco, CA ",https://stripe.com/jobs/search?gh_jid=8126047,2026-09-10T13:11:58-04:00
8014533,"Technical Program Manager, Link","San Francisco, New York City",https://stripe.com/jobs/search?gh_jid=8014533,2026-09-10T13:11:58-04:00
8142856,Technical Recruiter (Fixed Term Contract),Singapore,https://stripe.com/jobs/search?gh_jid=8142856,2026-09-10T13:11:58-04:00
8154525,Technical Recruiter (Fixed Term Contract),"SF, SEA, NYC, CHI, ATL",https://stripe.com/jobs/search?gh_jid=8154525,2026-09-15T18:55:55-04:00
7377101,Technical Solutions Engineer,"Seattle, WA, Remote-US",https://stripe.com/jobs/search?gh_jid=7377101,2026-09-10T13:11:58-04:00
8079858,Technical Solutions Engineering Manager,San Francisco or Seattle,https://stripe.com/jobs/search?gh_jid=8079858,2026-09-10T13:11:58-04:00
7737248,"Technical Support Engineer (EMEA), Metronome","London, Dublin",https://stripe.com/jobs/search?gh_jid=7737248,2026-09-10T13:11:58-04:00
8171220,"Technical Support Engineer, Metronome",Singapore,https://stripe.com/jobs/search?gh_jid=8171220,2026-09-17T12:36:21-04:00
7860377,"Technical Support Engineer, Metronome","Dublin, Ireland",https://stripe.com/jobs/search?gh_jid=7860377,2026-09-10T13:11:58-04:00
7718947,"Tech Operations Associate, New Grad (Mexico)","Mexico City, Mexico",https://stripe.com/jobs/search?gh_jid=7718947,2026-09-10T13:11:58-04:00
8045862,Tech Ops Team Lead,Bengaluru,https://stripe.com/jobs/search?gh_jid=8045862,2026-09-10T13:11:58-04:00
8076966,Thailand Compliance Officer & Money Laundering Reporting Officer,Bangkok,https://stripe.com/jobs/search?gh_jid=8076966,2026-09-10T13:11:58-04:00
8189018,Third Party Risk Analyst,Bengaluru,https://stripe.com/jobs/search?gh_jid=8189018,2026-09-14T15:57:27-04:00
8172111,Training Program Manager,Mexico City,https://stripe.com/jobs/search?gh_jid=8172111,2026-09-10T13:11:58-04:00
8096121,UK Public Sector Lead,London,https://stripe.com/jobs/search?gh_jid=8096121,2026-09-10T13:11:58-04:00
8226211,University Recruiter,"San Francisco, New York, Seattle, US-Remote",https://stripe.com/jobs/search?gh_jid=8226211,2026-09-23T13:36:55-04:00
8128011,University Recruiter,"Dublin, London",https://stripe.com/jobs/search?gh_jid=8128011,2026-09-10T13:11:58-04:00
8159355,University Recruiter,N/A,https://stripe.com/jobs/search?gh_jid=8159355,2026-09-10T13:11:58-04:00
8094669,University Recruiting Manager,"Singapore, Dublin",https://stripe.com/jobs/search?gh_jid=8094669,2026-09-11T07:36:27-04:00
8180318,User Escalation Specialist ,Chicago,https://stripe.com/jobs/search?gh_jid=8180318,2026-09-24T15:24:39-04:00
8230758,User Risk Strategist,"New York, NY ",https://stripe.com/jobs/search?gh_jid=8230758,2026-09-24T12:41:06-04:00
8165259,"UX Research Manager, Payments",Canada,https://stripe.com/jobs/search?gh_jid=8165259,2026-09-10T13:11:58-04:00
8168793,Voice Support Operations Associate ,Bengaluru,https://stripe.com/jobs/search?gh_jid=8168793,2026-09-10T13:11:58-04:00
8220938,Workday Analyst,US,https://stripe.com/jobs/search?gh_jid=8220938,2026-09-21T15:13:29-04:00
8092411,Workplace Experience Manager,New York City,https://stripe.com/jobs/search?gh_jid=8092411,2026-09-10T13:11:58-04:00
8120185,Workplace Operations Manager - Dublin,Dublin,https://stripe.com/jobs/search?gh_jid=8120185,2026-09-10T13:11:58-04:00
8209637,Workplace Project Manager,United Kingdom,https://stripe.com/jobs/search?gh_jid=8209637,2026-09-24T03:20:44-04:00
